253093	T:65.9,S:86.4,K:20.6,TR:-27.1,SR:-71.7,KR:44.6
253133	T:65.8,S:86.6,K:20.9,TR:-26.5,SR:-72.7,KR:46.2
253173	T:63.8,S:86.7,K:23.0,TR:-26.9,SR:-73.8,KR:46.9
253213	T:63.7,S:86.7,K:23.0,TR:-28.3,SR:-74.2,KR:45.9
253253	T:63.7,S:86.6,K:22.9,TR:-29.3,SR:-74.3,KR:45.0
253293	T:61.6,S:86.7,K:25.1,TR:-28.9,SR:-75.0,KR:46.1
253333	T:61.0,S:86.7,K:25.7,TR:-27.1,SR:-74.8,KR:47.6
253373	T:61.4,S:86.6,K:25.3,TR:-27.9,SR:-73.9,KR:46.0
253413	T:61.3,S:86.6,K:25.3,TR:-26.1,SR:-72.9,KR:46.9
253453	T:59.3,S:86.9,K:27.6,TR:-15.6,SR:-74.0,KR:58.4
253493	T:47.5,S:87.7,K:40.2,TR:-19.7,SR:-77.9,KR:58.2
253533	T:50.5,S:88.3,K:37.8,TR:-23.6,SR:-81.2,KR:57.5
253573	T:47.2,S:88.1,K:41.0,TR:-19.3,SR:-80.2,KR:61.0
253613	T:51.1,S:87.7,K:36.6,TR:-26.3,SR:-76.2,KR:49.9
253653	T:43.9,S:86.7,K:42.8,TR:-22.4,SR:-71.2,KR:48.8
253693	T:62.9,S:85.8,K:22.9,TR:-28.0,SR:-65.4,KR:37.3
253733	T:55.3,S:84.9,K:29.6,TR:-23.1,SR:-61.8,KR:38.8
253773	T:55.3,S:84.4,K:29.1,TR:-10.3,SR:-56.9,KR:46.6
253813	T:41.1,S:84.5,K:43.5,TR:-8.4,SR:-56.4,KR:48.0
253853	T:30.1,S:85.2,K:55.1,TR:-8.8,SR:-59.1,KR:50.3
253893	T:30.2,S:85.7,K:55.5,TR:-18.0,SR:-62.0,KR:44.1
253933	T:34.1,S:86.5,K:52.4,TR:-18.4,SR:-66.3,KR:47.9
253973	T:31.9,S:86.5,K:54.6,TR:-9.5,SR:-67.1,KR:57.6
254013	T:33.0,S:86.6,K:53.6,TR:-5.2,SR:-67.8,KR:62.6
254053	T:34.7,S:86.9,K:52.2,TR:-0.3,SR:-70.6,KR:70.3
254093	T:34.4,S:87.1,K:52.7,TR:0.0,SR:-72.5,KR:72.5
254133	T:32.5,S:87.1,K:54.6,TR:-1.0,SR:-72.5,KR:71.6
254173	T:31.5,S:87.2,K:55.6,TR:-2.1,SR:-72.8,KR:70.7
254213	T:29.6,S:87.3,K:57.7,TR:-4.2,SR:-73.4,KR:69.2
254253	T:28.2,S:87.4,K:59.2,TR:-8.7,SR:-74.6,KR:65.9
254293	T:26.0,S:87.5,K:61.5,TR:-10.9,SR:-75.1,KR:64.1
254333	T:24.9,S:87.5,K:62.7,TR:-11.0,SR:-75.1,KR:64.1
254373	T:24.7,S:87.3,K:62.6,TR:-8.7,SR:-73.7,KR:65.0
254413	T:27.6,S:87.1,K:59.5,TR:-4.6,SR:-72.5,KR:67.9
254453	T:31.9,S:87.3,K:55.4,TR:-0.4,SR:-73.4,KR:72.9
254493	T:33.3,S:87.5,K:54.2,TR:1.1,SR:-74.3,KR:75.4
254533	T:33.5,S:87.7,K:54.2,TR:3.2,SR:-75.5,KR:78.7
254573	T:30.7,S:87.9,K:57.2,TR:2.7,SR:-76.7,KR:79.5
254613	T:28.2,S:87.4,K:59.2,TR:0.9,SR:-74.7,KR:75.6
254653	T:27.0,S:87.2,K:60.2,TR:0.0,SR:-73.1,KR:73.1
254693	T:27.2,S:87.2,K:60.0,TR:-1.5,SR:-73.3,KR:71.8
254733	T:27.7,S:87.1,K:59.4,TR:-2.2,SR:-72.9,KR:70.7
254773	T:28.2,S:87.0,K:58.8,TR:-2.3,SR:-72.9,KR:70.6
254813	T:28.2,S:87.0,K:58.8,TR:-2.3,SR:-72.7,KR:70.4
254853	T:28.1,S:86.5,K:58.4,TR:-2.8,SR:-69.7,KR:66.9
254893	T:27.7,S:86.2,K:58.4,TR:-2.7,SR:-67.6,KR:64.9
254933	T:28.0,S:86.1,K:58.1,TR:-2.3,SR:-66.9,KR:64.6
254973	T:28.7,S:86.1,K:57.4,TR:-1.1,SR:-66.7,KR:65.6
255013	T:29.7,S:86.1,K:56.3,TR:0.4,SR:-64.8,KR:65.1
255053	T:35.6,S:86.2,K:50.6,TR:-5.4,SR:-66.1,KR:60.7
255093	T:36.7,S:86.2,K:49.6,TR:-0.1,SR:-66.5,KR:66.4
255133	T:39.0,S:86.7,K:47.7,TR:2.9,SR:-66.7,KR:69.7
255173	T:35.8,S:86.9,K:51.1,TR:17.4,SR:-68.8,KR:86.2
255213	T:32.1,S:87.4,K:55.3,TR:12.0,SR:-70.3,KR:82.3
255253	T:32.5,S:87.4,K:55.0,TR:6.9,SR:-71.4,KR:78.4
255293	T:34.7,S:87.0,K:52.4,TR:8.9,SR:-70.9,KR:79.8
255333	T:40.4,S:86.2,K:45.8,TR:13.5,SR:-68.1,KR:81.7
255373	T:47.5,S:85.8,K:38.3,TR:20.5,SR:-67.5,KR:88.0
255413	T:48.3,S:85.7,K:37.4,TR:22.6,SR:-66.8,KR:89.4
255453	T:56.1,S:85.6,K:29.4,TR:5.0,SR:-66.4,KR:71.3
255493	T:62.6,S:85.5,K:23.0,TR:-4.9,SR:-65.3,KR:60.4
255533	T:66.6,S:85.4,K:18.8,TR:-13.9,SR:-64.7,KR:50.8
255573	T:69.4,S:85.2,K:15.8,TR:-20.4,SR:-64.0,KR:43.6
255613	T:74.4,S:84.6,K:10.2,TR:-29.0,SR:-63.5,KR:34.5
255653	T:75.7,S:84.0,K:8.3,TR:-33.0,SR:-62.4,KR:29.5
255693	T:77.3,S:83.9,K:6.6,TR:-38.4,SR:-61.3,KR:22.9
255733	T:77.9,S:84.1,K:6.2,TR:-41.6,SR:-60.8,KR:19.2
255773	T:78.6,S:84.5,K:5.9,TR:-47.2,SR:-60.8,KR:13.6
255813	T:78.1,S:84.6,K:6.5,TR:-51.4,SR:-61.0,KR:9.6
255853	T:78.0,S:84.7,K:6.7,TR:-50.2,SR:-61.0,KR:10.8
255893	T:78.0,S:84.7,K:6.7,TR:-49.8,SR:-59.2,KR:9.3
255933	T:77.8,S:84.6,K:6.8,TR:-50.9,SR:-59.9,KR:8.9
255973	T:77.4,S:84.2,K:6.8,TR:-46.9,SR:-59.4,KR:12.4
256013	T:77.3,S:84.1,K:6.8,TR:-45.5,SR:-57.6,KR:12.1
256053	T:77.5,S:83.9,K:6.4,TR:-45.5,SR:-55.8,KR:10.3
256093	T:77.4,S:83.6,K:6.3,TR:-44.5,SR:-54.8,KR:10.3
256133	T:77.5,S:83.9,K:6.4,TR:-45.0,SR:-55.6,KR:10.6
256173	T:77.2,S:83.9,K:6.6,TR:-44.6,SR:-56.2,KR:11.6
256213	T:76.8,S:83.9,K:7.0,TR:-43.9,SR:-56.6,KR:12.7
256253	T:76.5,S:84.1,K:7.6,TR:-43.8,SR:-56.7,KR:12.9
256293	T:76.3,S:83.9,K:7.5,TR:-44.4,SR:-57.1,KR:12.7
256333	T:76.1,S:83.8,K:7.7,TR:-43.9,SR:-57.0,KR:13.1
256373	T:76.0,S:83.7,K:7.7,TR:-44.2,SR:-56.1,KR:11.9
256413	T:75.8,S:83.5,K:7.7,TR:-44.3,SR:-55.7,KR:11.4
256453	T:75.9,S:83.6,K:7.7,TR:-45.3,SR:-55.4,KR:10.2
256493	T:75.8,S:83.7,K:8.0,TR:-44.9,SR:-55.6,KR:10.8
256533	T:75.6,S:83.8,K:8.2,TR:-45.2,SR:-56.1,KR:10.9
256573	T:75.4,S:83.8,K:8.4,TR:-44.4,SR:-55.9,KR:11.5
256613	T:75.4,S:83.8,K:8.3,TR:-44.9,SR:-55.1,KR:10.2
256653	T:75.3,S:83.7,K:8.4,TR:-44.3,SR:-54.4,KR:10.0
256693	T:75.1,S:83.8,K:8.7,TR:-43.3,SR:-53.3,KR:10.0
256733	T:75.2,S:83.9,K:8.8,TR:-43.7,SR:-53.7,KR:10.0
256773	T:75.1,S:84.1,K:9.0,TR:-43.5,SR:-54.5,KR:11.0
256813	T:75.0,S:84.1,K:9.0,TR:-42.9,SR:-54.3,KR:11.3
256853	T:75.0,S:84.1,K:9.1,TR:-42.7,SR:-53.6,KR:10.9
256893	T:75.1,S:84.1,K:9.0,TR:-43.4,SR:-54.1,KR:10.6
256933	T:75.0,S:84.2,K:9.2,TR:-43.1,SR:-54.1,KR:11.0
256973	T:75.2,S:84.3,K:9.1,TR:-44.4,SR:-55.4,KR:11.0
257013	T:75.1,S:84.4,K:9.3,TR:-44.3,SR:-56.2,KR:11.8
257053	T:75.0,S:84.4,K:9.4,TR:-44.3,SR:-55.4,KR:11.0
257093	T:75.0,S:84.4,K:9.3,TR:-44.3,SR:-55.6,KR:11.4
257133	T:75.0,S:84.7,K:9.6,TR:-44.0,SR:-57.1,KR:13.1
257173	T:74.8,S:84.8,K:10.0,TR:-43.0,SR:-57.2,KR:14.3
257213	T:74.7,S:84.9,K:10.2,TR:-42.6,SR:-58.0,KR:15.3
257253	T:74.6,S:85.0,K:10.4,TR:-42.3,SR:-58.5,KR:16.1
257293	T:74.1,S:84.8,K:10.7,TR:-41.2,SR:-58.3,KR:17.1
257333	T:73.6,S:84.7,K:11.1,TR:-40.0,SR:-57.6,KR:17.6
257373	T:72.3,S:84.8,K:12.4,TR:-37.4,SR:-58.0,KR:20.6
257413	T:71.6,S:84.8,K:13.2,TR:-36.4,SR:-58.1,KR:21.7
257453	T:71.4,S:85.0,K:13.6,TR:-37.0,SR:-58.5,KR:21.5
257493	T:69.9,S:84.9,K:15.0,TR:-37.0,SR:-57.8,KR:20.8
257533	T:69.1,S:84.5,K:15.4,TR:-37.6,SR:-55.9,KR:18.3
257573	T:68.9,S:84.4,K:15.6,TR:-38.2,SR:-55.6,KR:17.3
257613	T:68.7,S:84.2,K:15.5,TR:-38.9,SR:-54.0,KR:15.1
257653	T:69.1,S:83.9,K:14.8,TR:-39.5,SR:-52.3,KR:12.9
257693	T:69.2,S:83.8,K:14.6,TR:-39.9,SR:-52.5,KR:12.5
257733	T:69.1,S:83.8,K:14.7,TR:-38.7,SR:-52.8,KR:14.1
257773	T:68.9,S:83.8,K:14.9,TR:-36.6,SR:-53.5,KR:16.9
257813	T:68.0,S:83.9,K:15.9,TR:-33.2,SR:-54.2,KR:21.1
257853	T:67.7,S:83.9,K:16.2,TR:-31.9,SR:-54.2,KR:22.3
257893	T:67.0,S:83.9,K:16.8,TR:-30.0,SR:-54.1,KR:24.1
257933	T:66.3,S:83.8,K:17.5,TR:-28.1,SR:-53.4,KR:25.3
257973	T:66.1,S:83.7,K:17.6,TR:-27.5,SR:-52.8,KR:25.3
258013	T:66.0,S:83.7,K:17.7,TR:-27.2,SR:-52.8,KR:25.6
258053	T:65.6,S:83.8,K:18.2,TR:-26.7,SR:-54.0,KR:27.3
258093	T:65.4,S:83.6,K:18.3,TR:-26.2,SR:-53.7,KR:27.5
258133	T:65.6,S:83.5,K:17.9,TR:-26.8,SR:-53.3,KR:26.5
258173	T:66.8,S:83.5,K:16.6,TR:-28.3,SR:-53.1,KR:24.7
258213	T:67.0,S:83.4,K:16.4,TR:-29.4,SR:-53.3,KR:23.9
258253	T:67.3,S:83.2,K:15.8,TR:-30.7,SR:-52.8,KR:22.1
258293	T:67.8,S:83.1,K:15.3,TR:-31.5,SR:-52.6,KR:21.1
258333	T:68.1,S:83.2,K:15.1,TR:-31.9,SR:-52.8,KR:20.9
258373	T:68.4,S:83.0,K:14.6,TR:-32.3,SR:-52.5,KR:20.2
258413	T:68.4,S:83.1,K:14.6,TR:-32.4,SR:-52.8,KR:20.4
258453	T:68.6,S:83.1,K:14.4,TR:-32.8,SR:-53.1,KR:20.3
258493	T:68.6,S:83.1,K:14.4,TR:-32.9,SR:-53.0,KR:20.1
258533	T:68.6,S:83.2,K:14.5,TR:-32.9,SR:-53.7,KR:20.8
258573	T:69.3,S:83.1,K:13.8,TR:-33.1,SR:-53.8,KR:20.6
258613	T:69.2,S:83.1,K:13.9,TR:-32.9,SR:-53.5,KR:20.6
258653	T:69.0,S:82.9,K:13.9,TR:-32.9,SR:-52.9,KR:20.0
258693	T:68.9,S:82.9,K:14.0,TR:-33.1,SR:-52.8,KR:19.7
258733	T:67.9,S:83.0,K:15.1,TR:-32.0,SR:-52.8,KR:20.8
258773	T:67.6,S:83.0,K:15.4,TR:-31.8,SR:-53.1,KR:21.3
258813	T:66.8,S:82.9,K:16.1,TR:-31.1,SR:-52.8,KR:21.7
258853	T:66.5,S:82.5,K:16.0,TR:-31.0,SR:-51.8,KR:20.8
258893	T:66.7,S:82.3,K:15.6,TR:-31.4,SR:-51.3,KR:20.0
258933	T:66.9,S:82.2,K:15.4,TR:-31.6,SR:-51.8,KR:20.2
258973	T:67.4,S:82.2,K:14.8,TR:-32.3,SR:-51.3,KR:19.0
259013	T:67.8,S:82.3,K:14.5,TR:-32.7,SR:-51.7,KR:19.1
259053	T:67.9,S:82.3,K:14.5,TR:-32.7,SR:-51.7,KR:19.0
259093	T:67.9,S:82.3,K:14.5,TR:-32.4,SR:-51.7,KR:19.4
259133	T:67.7,S:82.3,K:14.5,TR:-31.4,SR:-51.0,KR:19.5
259173	T:68.1,S:82.1,K:14.0,TR:-29.2,SR:-50.3,KR:21.1
259213	T:68.9,S:82.0,K:13.1,TR:-29.2,SR:-49.6,KR:20.4
259253	T:68.9,S:82.0,K:13.1,TR:-28.7,SR:-50.0,KR:21.3
259293	T:69.2,S:82.2,K:13.1,TR:-25.5,SR:-50.4,KR:24.9
259333	T:69.4,S:82.5,K:13.1,TR:-23.9,SR:-50.7,KR:26.8
259373	T:70.3,S:82.8,K:12.5,TR:-23.0,SR:-51.7,KR:28.7
259413	T:70.4,S:83.0,K:12.5,TR:-22.2,SR:-52.5,KR:30.2
259453	T:71.1,S:83.3,K:12.2,TR:-23.3,SR:-52.6,KR:29.3
259493	T:71.3,S:83.7,K:12.4,TR:-23.1,SR:-53.7,KR:30.6
259533	T:71.2,S:83.9,K:12.6,TR:-22.3,SR:-54.6,KR:32.4
259573	T:71.2,S:84.2,K:12.9,TR:-22.5,SR:-55.9,KR:33.4
259613	T:71.6,S:84.4,K:12.8,TR:-22.8,SR:-56.0,KR:33.2
259653	T:71.4,S:84.7,K:13.3,TR:-20.7,SR:-56.0,KR:35.3
259693	T:71.3,S:84.7,K:13.4,TR:-20.7,SR:-55.5,KR:34.9
259733	T:71.5,S:84.7,K:13.2,TR:-23.0,SR:-54.9,KR:31.9
259773	T:71.5,S:84.8,K:13.2,TR:-22.0,SR:-54.3,KR:32.3
259813	T:71.6,S:85.0,K:13.3,TR:-22.8,SR:-55.4,KR:32.5
259853	T:71.6,S:85.0,K:13.3,TR:-22.8,SR:-55.5,KR:32.7
259893	T:71.8,S:85.0,K:13.2,TR:-24.0,SR:-55.6,KR:31.6
259933	T:71.7,S:85.0,K:13.3,TR:-24.9,SR:-55.4,KR:30.5
259973	T:71.4,S:85.2,K:13.7,TR:-24.0,SR:-55.8,KR:31.8
260013	T:71.7,S:85.2,K:13.5,TR:-23.9,SR:-56.1,KR:32.2
260053	T:71.3,S:85.2,K:13.9,TR:-25.1,SR:-55.1,KR:30.0
260093	T:71.5,S:84.9,K:13.4,TR:-26.6,SR:-53.5,KR:26.9
260133	T:71.5,S:84.8,K:13.4,TR:-25.7,SR:-53.1,KR:27.4
260173	T:71.8,S:84.8,K:13.0,TR:-27.0,SR:-51.7,KR:24.7
260213	T:72.1,S:84.8,K:12.6,TR:-27.8,SR:-49.9,KR:22.0
260253	T:72.3,S:85.0,K:12.7,TR:-28.4,SR:-48.1,KR:19.7
260293	T:72.7,S:85.2,K:12.5,TR:-29.9,SR:-46.0,KR:16.1
260333	T:72.7,S:85.3,K:12.6,TR:-29.4,SR:-44.4,KR:15.0
260373	T:73.2,S:85.3,K:12.2,TR:-30.4,SR:-42.1,KR:11.7
260413	T:73.1,S:85.3,K:12.2,TR:-30.0,SR:-38.4,KR:8.3
260453	T:73.0,S:85.4,K:12.4,TR:-29.8,SR:-34.2,KR:4.3
260493	T:73.3,S:85.4,K:12.1,TR:-31.9,SR:-28.7,KR:3.2
260533	T:73.5,S:85.5,K:12.0,TR:-33.6,SR:-24.8,KR:8.8
260573	T:73.7,S:85.5,K:11.9,TR:-34.7,SR:-14.7,KR:19.9
260613	T:73.8,S:85.4,K:11.6,TR:-36.2,SR:-14.0,KR:22.2
260653	T:73.9,S:85.5,K:11.5,TR:-37.2,SR:-12.0,KR:25.1
260693	T:74.1,S:85.6,K:11.5,TR:-36.7,SR:-3.9,KR:32.7
260733	T:74.6,S:85.7,K:11.2,TR:-35.5,SR:-0.5,KR:35.0
260773	T:74.4,S:85.8,K:11.4,TR:-34.6,SR:1.2,KR:35.9
260813	T:74.2,S:85.9,K:11.7,TR:-33.8,SR:7.3,KR:41.1
260853	T:74.3,S:85.8,K:11.5,TR:-32.3,SR:7.5,KR:39.9
260893	T:74.1,S:85.9,K:11.8,TR:-32.1,SR:11.4,KR:43.5
260933	T:74.1,S:85.8,K:11.7,TR:-31.2,SR:14.6,KR:45.9
260973	T:73.8,S:85.7,K:11.9,TR:-32.0,SR:12.5,KR:44.5
261013	T:73.6,S:85.9,K:12.3,TR:-31.5,SR:15.9,KR:47.4
261053	T:73.7,S:86.0,K:12.2,TR:-32.6,SR:15.4,KR:48.0
261093	T:73.8,S:86.0,K:12.3,TR:-32.3,SR:17.6,KR:49.9
261133	T:73.8,S:86.0,K:12.2,TR:-33.5,SR:20.0,KR:53.4
261173	T:74.0,S:85.9,K:11.8,TR:-32.3,SR:18.3,KR:50.6
261213	T:74.1,S:86.0,K:11.9,TR:-33.0,SR:21.1,KR:54.2
261253	T:74.0,S:86.1,K:12.1,TR:-32.5,SR:20.0,KR:52.5
261293	T:74.0,S:86.2,K:12.2,TR:-32.0,SR:21.9,KR:53.9
261333	T:73.5,S:86.3,K:12.8,TR:-29.9,SR:22.5,KR:52.4
261373	T:73.4,S:86.3,K:12.9,TR:-28.9,SR:21.4,KR:50.3
261413	T:72.9,S:86.3,K:13.4,TR:-26.9,SR:21.7,KR:48.6
261453	T:72.0,S:86.6,K:14.5,TR:-24.5,SR:25.2,KR:49.7
261493	T:71.2,S:86.9,K:15.7,TR:-22.9,SR:28.2,KR:51.1
261533	T:70.8,S:86.8,K:16.1,TR:-21.6,SR:26.8,KR:48.4
261573	T:70.5,S:86.5,K:16.0,TR:-21.0,SR:21.0,KR:42.0
261613	T:69.6,S:86.2,K:16.7,TR:-18.8,SR:16.8,KR:35.6
261653	T:68.6,S:86.3,K:17.7,TR:-19.7,SR:17.4,KR:37.0
261693	T:67.9,S:86.4,K:18.5,TR:-20.2,SR:14.8,KR:34.9
261733	T:65.4,S:86.5,K:21.1,TR:-20.7,SR:15.3,KR:36.0
261773	T:62.7,S:86.5,K:23.8,TR:-19.3,SR:13.9,KR:33.1
261813	T:61.3,S:86.3,K:25.0,TR:-18.4,SR:14.4,KR:32.8
261853	T:61.1,S:86.2,K:25.1,TR:-18.7,SR:16.3,KR:35.0
261893	T:60.3,S:85.9,K:25.6,TR:-16.9,SR:13.0,KR:29.9
261933	T:58.2,S:85.8,K:27.6,TR:-15.2,SR:12.8,KR:28.0
261973	T:56.1,S:85.9,K:29.8,TR:-14.1,SR:11.6,KR:25.7
262013	T:55.2,S:85.9,K:30.8,TR:-13.1,SR:10.9,KR:24.0
262053	T:54.3,S:85.8,K:31.6,TR:-10.9,SR:8.8,KR:19.7
262093	T:54.4,S:85.7,K:31.4,TR:-9.6,SR:8.5,KR:18.1
262133	T:53.9,S:85.7,K:31.8,TR:-8.0,SR:10.8,KR:18.8
262173	T:53.1,S:85.8,K:32.7,TR:-6.5,SR:11.4,KR:17.9
262213	T:51.9,S:85.8,K:34.0,TR:-4.9,SR:9.3,KR:14.1
262253	T:50.4,S:86.0,K:35.6,TR:-2.2,SR:9.3,KR:11.5
262293	T:49.9,S:85.9,K:36.1,TR:-0.9,SR:7.7,KR:8.6
262333	T:49.9,S:85.7,K:35.8,TR:-0.1,SR:3.7,KR:3.8
262373	T:51.0,S:85.4,K:34.3,TR:5.1,SR:8.4,KR:3.3
262413	T:55.9,S:85.2,K:29.3,TR:1.6,SR:5.3,KR:3.7
262453	T:59.0,S:85.2,K:26.2,TR:1.0,SR:5.0,KR:4.0
262493	T:63.1,S:85.1,K:22.0,TR:7.4,SR:2.9,KR:4.5
262533	T:70.9,S:85.3,K:14.4,TR:-11.6,SR:1.6,KR:13.2
262573	T:75.9,S:85.5,K:9.6,TR:-10.2,SR:0.6,KR:10.8
262613	T:78.3,S:84.8,K:6.6,TR:-19.8,SR:-2.7,KR:17.1
262653	T:82.7,S:84.7,K:2.0,TR:-39.9,SR:-2.9,KR:36.9
262693	T:86.5,S:84.5,K:2.1,TR:-56.5,SR:-7.4,KR:49.2
262733	T:91.4,S:84.0,K:7.4,TR:-81.3,SR:-9.8,KR:71.5
262773	T:93.1,S:84.0,K:9.1,TR:-89.4,SR:-7.4,KR:82.0
262813	T:95.9,S:84.1,K:11.9,TR:-101.9,SR:-5.6,KR:96.3
262853	T:99.6,S:83.8,K:15.8,TR:-112.2,SR:-7.7,KR:104.5
262893	T:104.8,S:83.8,K:21.0,TR:-119.7,SR:-10.0,KR:109.7
262933	T:106.7,S:83.9,K:22.9,TR:-123.2,SR:-10.4,KR:112.8
262973	T:111.1,S:84.4,K:26.7,TR:-129.3,SR:-10.9,KR:118.4
263013	T:114.8,S:84.4,K:30.5,TR:-134.1,SR:-10.2,KR:123.9
263053	T:116.5,S:84.2,K:32.3,TR:-136.3,SR:-11.3,KR:125.0
263093	T:118.6,S:83.5,K:35.1,TR:-142.2,SR:-12.7,KR:129.5
263133	T:119.9,S:83.3,K:36.6,TR:-145.6,SR:-15.6,KR:130.0
263173	T:120.4,S:83.3,K:37.1,TR:-148.1,SR:-11.9,KR:136.1
263213	T:119.8,S:83.4,K:36.4,TR:-149.4,SR:-12.5,KR:136.9
263253	T:117.9,S:83.2,K:34.8,TR:-149.9,SR:-17.9,KR:132.0
263293	T:115.7,S:82.6,K:33.1,TR:-150.7,SR:-19.9,KR:130.8
263333	T:110.5,S:81.7,K:28.9,TR:-149.2,SR:-17.6,KR:131.5
263373	T:108.8,S:80.8,K:28.0,TR:-146.8,SR:-18.7,KR:128.1
263413	T:104.1,S:78.0,K:26.1,TR:-135.8,SR:-20.1,KR:115.8
263453	T:104.8,S:75.6,K:29.1,TR:-133.7,SR:-22.9,KR:110.8
263493	T:106.3,S:73.1,K:33.2,TR:-136.2,SR:-23.1,KR:113.1
263533	T:105.8,S:71.7,K:34.1,TR:-133.9,SR:-22.8,KR:111.1
263573	T:103.8,S:66.7,K:37.1,TR:-134.1,SR:-23.3,KR:110.8
263613	T:102.4,S:63.1,K:39.2,TR:-133.2,SR:-21.0,KR:112.2
263653	T:102.1,S:60.1,K:42.0,TR:-132.8,SR:-19.9,KR:112.9
263693	T:102.5,S:59.4,K:43.1,TR:-132.3,SR:-18.3,KR:114.0
263733	T:101.3,S:58.1,K:43.3,TR:-129.3,SR:-18.2,KR:111.2
263773	T:104.6,S:56.4,K:48.2,TR:-132.9,SR:-17.4,KR:115.5
263813	T:106.7,S:54.3,K:52.4,TR:-135.2,SR:-16.5,KR:118.7
263853	T:108.1,S:53.7,K:54.4,TR:-137.8,SR:-15.6,KR:122.2
263893	T:108.7,S:52.8,K:55.9,TR:-141.8,SR:-15.6,KR:126.2
263933	T:106.9,S:52.4,K:54.5,TR:-142.6,SR:-14.3,KR:128.3
263973	T:105.9,S:52.2,K:53.7,TR:-143.2,SR:-13.7,KR:129.5
264013	T:102.9,S:52.0,K:50.9,TR:-142.5,SR:-13.2,KR:129.3
264053	T:99.3,S:52.6,K:46.7,TR:-133.7,SR:-11.9,KR:121.8
264093	T:95.6,S:54.3,K:41.3,TR:-120.2,SR:-10.7,KR:109.5
264133	T:93.3,S:55.1,K:38.2,TR:-111.4,SR:-11.0,KR:100.4
264173	T:88.9,S:54.7,K:34.1,TR:-94.9,SR:-9.4,KR:85.5
264213	T:85.0,S:55.5,K:29.5,TR:-84.7,SR:-9.3,KR:75.3
264253	T:79.9,S:56.5,K:23.4,TR:-72.9,SR:-12.1,KR:60.7
264293	T:77.8,S:57.7,K:20.0,TR:-69.2,SR:-13.3,KR:55.9
264333	T:73.4,S:60.2,K:13.2,TR:-60.7,SR:-13.1,KR:47.5
264373	T:70.1,S:62.9,K:7.2,TR:-54.5,SR:-15.6,KR:38.9
264413	T:66.0,S:65.7,K:0.2,TR:-48.2,SR:-17.8,KR:30.4
264453	T:64.4,S:67.5,K:3.1,TR:-45.9,SR:-19.3,KR:26.5
264493	T:60.6,S:70.7,K:10.1,TR:-41.2,SR:-21.2,KR:20.0
264533	T:58.9,S:72.5,K:13.6,TR:-37.5,SR:-23.4,KR:14.1
264573	T:57.9,S:74.2,K:16.3,TR:-35.8,SR:-26.9,KR:8.9
264613	T:56.8,S:75.0,K:18.2,TR:-33.7,SR:-29.3,KR:4.5
264653	T:54.6,S:76.2,K:21.6,TR:-28.5,SR:-32.0,KR:3.5
264693	T:52.5,S:78.0,K:25.5,TR:-23.6,SR:-35.1,KR:11.5
264733	T:51.4,S:79.1,K:27.7,TR:-20.7,SR:-40.0,KR:19.3
264773	T:50.7,S:79.6,K:28.9,TR:-20.2,SR:-41.7,KR:21.4
264813	T:51.9,S:80.6,K:28.7,TR:-15.9,SR:-42.4,KR:26.5
264853	T:51.2,S:81.0,K:29.8,TR:-14.8,SR:-42.2,KR:27.4
264893	T:51.4,S:81.0,K:29.7,TR:-16.0,SR:-41.7,KR:25.7
264933	T:50.8,S:80.5,K:29.7,TR:-14.3,SR:-38.5,KR:24.2
264973	T:50.0,S:79.8,K:29.8,TR:-14.0,SR:-37.2,KR:23.3
265013	T:50.2,S:79.9,K:29.7,TR:-13.1,SR:-35.2,KR:22.1
265053	T:50.3,S:79.7,K:29.4,TR:-12.5,SR:-36.2,KR:23.7
265093	T:51.2,S:79.4,K:28.2,TR:-12.3,SR:-36.9,KR:24.5
265133	T:52.7,S:78.1,K:25.4,TR:-13.0,SR:-36.8,KR:23.8
265173	T:54.8,S:76.3,K:21.5,TR:-13.6,SR:-35.1,KR:21.5
265213	T:55.7,S:75.2,K:19.4,TR:-14.0,SR:-35.2,KR:21.2
265253	T:57.6,S:73.8,K:16.2,TR:-14.3,SR:-35.1,KR:20.8
265293	T:59.4,S:70.9,K:11.5,TR:-15.0,SR:-32.0,KR:16.9
265333	T:60.8,S:69.3,K:8.6,TR:-14.7,SR:-31.1,KR:16.4
265373	T:61.5,S:68.6,K:7.2,TR:-14.5,SR:-29.6,KR:15.1
265413	T:63.4,S:65.3,K:1.9,TR:-13.0,SR:-25.9,KR:12.9
265453	T:65.7,S:63.6,K:2.2,TR:-12.6,SR:-25.0,KR:12.4
265493	T:69.1,S:61.2,K:7.9,TR:-11.6,SR:-21.9,KR:10.3
265533	T:71.1,S:60.1,K:11.0,TR:-14.4,SR:-21.2,KR:6.8
265573	T:75.3,S:58.3,K:16.9,TR:-24.8,SR:-20.1,KR:4.7
265613	T:81.1,S:57.1,K:24.0,TR:-45.6,SR:-17.7,KR:28.0
265653	T:84.6,S:56.2,K:28.4,TR:-65.1,SR:-15.9,KR:49.2
265693	T:86.7,S:55.7,K:31.0,TR:-74.2,SR:-14.8,KR:59.3
265733	T:92.1,S:54.5,K:37.6,TR:-89.9,SR:-14.3,KR:75.6
265773	T:96.1,S:53.7,K:42.4,TR:-101.6,SR:-13.6,KR:88.0
265813	T:98.7,S:53.3,K:45.4,TR:-107.4,SR:-13.0,KR:94.3
265853	T:101.0,S:52.7,K:48.3,TR:-117.9,SR:-12.1,KR:105.8
265893	T:102.8,S:52.1,K:50.6,TR:-126.1,SR:-10.8,KR:115.2
265933	T:103.8,S:51.8,K:52.1,TR:-130.8,SR:-10.2,KR:120.6
265973	T:104.5,S:51.6,K:52.9,TR:-132.6,SR:-9.9,KR:122.7
266013	T:105.6,S:51.5,K:54.1,TR:-136.8,SR:-9.1,KR:127.7
266053	T:105.5,S:51.8,K:53.6,TR:-139.2,SR:-8.2,KR:130.9
266093	T:103.9,S:52.8,K:51.1,TR:-141.0,SR:-7.3,KR:133.7
266133	T:102.4,S:53.4,K:49.0,TR:-140.0,SR:-6.4,KR:133.6
266173	T:99.6,S:53.6,K:46.1,TR:-134.6,SR:-5.7,KR:128.9
266213	T:97.6,S:54.3,K:43.2,TR:-131.0,SR:-5.7,KR:125.3
266253	T:95.0,S:55.2,K:39.8,TR:-121.6,SR:-5.8,KR:115.7
266293	T:93.3,S:55.9,K:37.4,TR:-116.1,SR:-6.0,KR:110.1
266333	T:90.8,S:57.1,K:33.6,TR:-105.1,SR:-4.9,KR:100.2
266373	T:88.3,S:60.0,K:28.3,TR:-93.9,SR:-2.3,KR:91.6
266413	T:84.1,S:62.1,K:22.0,TR:-80.5,SR:-1.5,KR:79.1
266453	T:83.0,S:63.5,K:19.5,TR:-76.0,SR:-1.8,KR:74.3
266493	T:80.0,S:66.1,K:14.0,TR:-65.6,SR:-3.9,KR:61.7
266533	T:77.0,S:68.4,K:8.6,TR:-57.7,SR:-6.8,KR:50.8
266573	T:74.9,S:70.4,K:4.6,TR:-51.4,SR:-6.3,KR:45.2
266613	T:73.8,S:70.9,K:2.9,TR:-48.5,SR:-7.1,KR:41.4
266653	T:72.1,S:72.4,K:0.3,TR:-43.8,SR:-7.8,KR:35.9
266693	T:70.5,S:74.4,K:3.9,TR:-38.5,SR:-5.9,KR:32.6
266733	T:69.7,S:74.9,K:5.3,TR:-36.1,SR:-7.6,KR:28.5
266773	T:68.3,S:75.8,K:7.5,TR:-32.1,SR:-10.3,KR:21.8
266813	T:67.0,S:76.6,K:9.5,TR:-29.0,SR:-12.0,KR:17.0
266853	T:66.2,S:76.3,K:10.1,TR:-26.5,SR:-14.8,KR:11.7
266893	T:66.2,S:76.6,K:10.4,TR:-25.9,SR:-16.0,KR:9.8
266933	T:66.4,S:76.7,K:10.4,TR:-25.3,SR:-16.8,KR:8.5
266973	T:67.0,S:76.2,K:9.1,TR:-24.2,SR:-18.1,KR:6.1
267013	T:67.5,S:74.6,K:7.2,TR:-23.0,SR:-19.3,KR:3.7
267053	T:68.6,S:73.5,K:4.9,TR:-24.1,SR:-19.7,KR:4.4
267093	T:70.5,S:71.5,K:1.0,TR:-25.8,SR:-20.9,KR:4.9
267133	T:72.0,S:70.2,K:1.8,TR:-27.4,SR:-20.6,KR:6.8
267173	T:73.7,S:69.1,K:4.6,TR:-28.6,SR:-20.4,KR:8.1
267213	T:74.5,S:68.2,K:6.3,TR:-29.3,SR:-18.9,KR:10.5
267253	T:76.4,S:66.6,K:9.8,TR:-30.3,SR:-18.8,KR:11.5
267293	T:78.9,S:64.4,K:14.5,TR:-36.3,SR:-18.4,KR:17.9
267333	T:81.6,S:62.0,K:19.5,TR:-45.5,SR:-18.9,KR:26.5
267373	T:83.1,S:60.7,K:22.4,TR:-52.1,SR:-19.0,KR:33.1
267413	T:86.3,S:58.6,K:27.7,TR:-66.1,SR:-19.6,KR:46.5
267453	T:88.5,S:56.6,K:31.8,TR:-77.9,SR:-18.1,KR:59.8
267493	T:91.7,S:55.2,K:36.6,TR:-93.6,SR:-16.2,KR:77.4
267533	T:93.2,S:54.5,K:38.7,TR:-99.5,SR:-15.9,KR:83.6
267573	T:97.0,S:53.3,K:43.7,TR:-110.0,SR:-14.2,KR:95.8
267613	T:99.2,S:51.6,K:47.6,TR:-118.4,SR:-13.6,KR:104.8
267653	T:101.1,S:51.1,K:50.0,TR:-121.6,SR:-13.5,KR:108.1
267693	T:104.0,S:49.9,K:54.2,TR:-127.6,SR:-12.9,KR:114.7
267733	T:107.1,S:48.9,K:58.2,TR:-132.1,SR:-12.7,KR:119.5
267773	T:109.2,S:47.9,K:61.3,TR:-137.3,SR:-11.8,KR:125.5
267813	T:110.0,S:47.3,K:62.7,TR:-138.8,SR:-11.9,KR:126.8
267853	T:113.1,S:46.5,K:66.6,TR:-142.4,SR:-12.1,KR:130.3
267893	T:113.6,S:46.0,K:67.6,TR:-143.3,SR:-11.5,KR:131.8
267933	T:114.4,S:45.9,K:68.5,TR:-145.4,SR:-11.4,KR:134.1
267973	T:115.0,S:45.8,K:69.1,TR:-147.2,SR:-11.0,KR:136.1
268013	T:115.5,S:45.8,K:69.7,TR:-148.0,SR:-10.5,KR:137.4
268053	T:116.3,S:45.5,K:70.8,TR:-150.2,SR:-10.3,KR:139.8
268093	T:116.4,S:46.1,K:70.3,TR:-154.6,SR:-9.9,KR:144.7
268133	T:115.7,S:46.7,K:69.0,TR:-156.0,SR:-9.4,KR:146.6
268173	T:114.0,S:48.3,K:65.7,TR:-157.6,SR:-7.4,KR:150.3
268213	T:112.6,S:49.5,K:63.1,TR:-159.1,SR:-6.3,KR:152.7
268253	T:108.7,S:51.2,K:57.5,TR:-154.5,SR:-5.0,KR:149.5
268293	T:106.9,S:52.4,K:54.5,TR:-151.3,SR:-3.8,KR:147.6
268333	T:103.4,S:54.5,K:48.9,TR:-141.9,SR:-3.3,KR:138.6
268373	T:98.3,S:56.7,K:41.6,TR:-122.2,SR:-3.9,KR:118.3
268413	T:93.8,S:59.0,K:34.8,TR:-103.3,SR:-3.1,KR:100.2
268453	T:91.1,S:60.1,K:31.0,TR:-91.3,SR:-3.8,KR:87.5
268493	T:86.8,S:61.5,K:25.3,TR:-74.7,SR:-7.1,KR:67.7
268533	T:81.8,S:64.6,K:17.2,TR:-60.9,SR:-6.7,KR:54.1
268573	T:79.9,S:66.7,K:13.2,TR:-57.1,SR:-5.3,KR:51.8
268613	T:78.0,S:70.4,K:7.6,TR:-52.5,SR:-7.7,KR:44.8
268653	T:74.6,S:71.9,K:2.7,TR:-43.6,SR:-9.2,KR:34.4
268693	T:73.0,S:74.7,K:1.7,TR:-39.5,SR:-2.8,KR:36.7
268733	T:72.1,S:75.9,K:3.7,TR:-37.1,SR:-1.3,KR:35.8
268773	T:70.8,S:77.2,K:6.4,TR:-32.2,SR:-5.8,KR:26.4
268813	T:69.8,S:79.1,K:9.3,TR:-28.5,SR:-9.1,KR:19.5
268853	T:69.0,S:79.9,K:10.9,TR:-25.4,SR:-14.0,KR:11.4
268893	T:67.7,S:80.3,K:12.6,TR:-23.1,SR:-16.6,KR:6.6
268933	T:67.7,S:80.9,K:13.2,TR:-23.8,SR:-20.6,KR:3.3
268973	T:67.4,S:81.4,K:14.0,TR:-23.0,SR:-23.5,KR:0.5
269013	T:68.3,S:82.6,K:14.3,TR:-23.7,SR:-26.0,KR:2.2
269053	T:68.4,S:82.5,K:14.1,TR:-23.3,SR:-25.6,KR:2.3
269093	T:70.2,S:82.7,K:12.5,TR:-22.7,SR:-26.4,KR:3.8
269133	T:70.8,S:80.8,K:10.0,TR:-24.7,SR:-24.9,KR:0.2
269173	T:71.2,S:79.8,K:8.6,TR:-27.0,SR:-25.7,KR:1.3
269213	T:70.7,S:79.4,K:8.8,TR:-26.6,SR:-26.2,KR:0.5
269253	T:71.6,S:79.5,K:7.8,TR:-29.2,SR:-25.2,KR:4.0
269293	T:73.3,S:79.2,K:6.0,TR:-32.4,SR:-20.5,KR:11.8
269333	T:77.0,S:79.1,K:2.2,TR:-40.0,SR:-20.7,KR:19.3
269373	T:80.2,S:78.7,K:1.5,TR:-46.6,SR:-20.5,KR:26.1
269413	T:84.1,S:78.3,K:5.8,TR:-50.0,SR:-21.8,KR:28.1
269453	T:87.0,S:77.6,K:9.4,TR:-57.1,SR:-20.0,KR:37.1
269493	T:87.9,S:77.5,K:10.4,TR:-61.1,SR:-19.1,KR:42.1
269533	T:90.1,S:77.4,K:12.7,TR:-75.2,SR:-19.0,KR:56.2
269573	T:92.6,S:76.7,K:15.9,TR:-84.1,SR:-17.9,KR:66.2
269613	T:94.9,S:76.7,K:18.2,TR:-102.2,SR:-19.1,KR:83.1
269653	T:97.0,S:77.0,K:20.0,TR:-108.4,SR:-18.4,KR:90.1
269693	T:100.2,S:77.1,K:23.1,TR:-120.4,SR:-17.5,KR:102.9
269733	T:102.1,S:77.6,K:24.5,TR:-127.7,SR:-15.2,KR:112.6
269773	T:106.4,S:77.6,K:28.9,TR:-136.4,SR:-14.9,KR:121.5
269813	T:106.9,S:77.4,K:29.5,TR:-138.0,SR:-14.6,KR:123.4
269853	T:108.2,S:77.1,K:31.1,TR:-144.6,SR:-13.2,KR:131.4
269893	T:108.4,S:76.1,K:32.3,TR:-147.9,SR:-13.4,KR:134.5
269933	T:108.5,S:75.1,K:33.5,TR:-150.8,SR:-14.0,KR:136.9
269973	T:108.3,S:74.4,K:33.9,TR:-153.2,SR:-14.4,KR:138.8
270013	T:108.5,S:73.0,K:35.5,TR:-153.3,SR:-14.4,KR:138.9
270053	T:108.9,S:72.0,K:37.0,TR:-154.2,SR:-15.3,KR:138.9
270093	T:109.6,S:70.2,K:39.4,TR:-155.3,SR:-17.1,KR:138.1
270133	T:109.9,S:69.1,K:40.8,TR:-155.5,SR:-17.5,KR:138.0
270173	T:109.7,S:67.2,K:42.5,TR:-156.2,SR:-18.2,KR:138.0
270213	T:110.7,S:64.7,K:46.1,TR:-157.1,SR:-19.6,KR:137.5
270253	T:111.7,S:62.2,K:49.5,TR:-157.8,SR:-19.6,KR:138.3
270293	T:114.9,S:61.0,K:53.9,TR:-160.0,SR:-19.4,KR:140.6
270333	T:115.4,S:58.0,K:57.4,TR:-159.6,SR:-20.0,KR:139.5
270373	T:115.0,S:55.7,K:59.3,TR:-158.8,SR:-19.4,KR:139.4
270413	T:115.3,S:54.9,K:60.4,TR:-158.7,SR:-18.4,KR:140.3
270453	T:115.7,S:53.3,K:62.4,TR:-158.9,SR:-18.1,KR:140.7
270493	T:115.9,S:51.2,K:64.8,TR:-160.1,SR:-18.4,KR:141.7
270533	T:115.0,S:48.5,K:66.5,TR:-163.2,SR:-18.2,KR:145.0
270573	T:114.5,S:47.0,K:67.5,TR:-166.0,SR:-19.4,KR:146.5
270613	T:112.4,S:43.8,K:68.6,TR:-167.6,SR:-21.2,KR:146.5
270653	T:108.6,S:40.6,K:68.1,TR:-164.4,SR:-23.5,KR:140.9
270693	T:104.1,S:37.0,K:67.0,TR:-157.6,SR:-24.3,KR:133.3
270733	T:100.4,S:35.5,K:64.9,TR:-141.1,SR:-24.8,KR:116.3
270773	T:97.1,S:31.1,K:66.0,TR:-129.1,SR:-23.1,KR:106.0
270813	T:93.0,S:26.0,K:67.1,TR:-114.0,SR:-20.3,KR:93.7
270853	T:89.7,S:21.4,K:68.3,TR:-100.1,SR:-19.8,KR:80.3
270893	T:87.0,S:18.7,K:68.3,TR:-90.6,SR:-19.1,KR:71.5
270933	T:83.0,S:11.7,K:71.4,TR:-78.5,SR:-18.4,KR:60.1
270973	T:78.8,S:9.1,K:69.7,TR:-66.0,SR:-18.1,KR:48.0
271013	T:75.3,S:6.1,K:69.2,TR:-58.3,SR:-17.6,KR:40.6
271053	T:73.8,S:4.6,K:69.2,TR:-52.5,SR:-16.8,KR:35.7
271093	T:71.5,S:4.0,K:67.5,TR:-41.9,SR:-15.5,KR:26.5
271133	T:70.9,S:3.9,K:67.0,TR:-36.2,SR:-14.7,KR:21.4
271173	T:69.2,S:3.2,K:66.1,TR:-28.8,SR:-14.4,KR:14.4
271213	T:69.1,S:2.6,K:66.4,TR:-26.5,SR:-14.2,KR:12.3
271253	T:69.1,S:2.2,K:66.9,TR:-25.7,SR:-13.4,KR:12.3
271293	T:68.6,S:0.7,K:68.0,TR:-23.9,SR:-13.4,KR:10.4
271333	T:68.4,S:-0.2,K:68.6,TR:-22.3,SR:-13.4,KR:8.8
271373	T:68.8,S:-0.9,K:69.7,TR:-21.9,SR:-13.8,KR:8.2
271413	T:69.5,S:-1.4,K:71.0,TR:-21.0,SR:-13.2,KR:7.9
271453	T:70.1,S:-1.4,K:71.5,TR:-21.5,SR:-12.9,KR:8.6
271493	T:70.4,S:-1.6,K:72.0,TR:-22.0,SR:-12.6,KR:9.4
271533	T:70.8,S:-0.9,K:71.8,TR:-23.0,SR:-12.4,KR:10.6
271573	T:70.8,S:-0.8,K:71.6,TR:-23.8,SR:-12.3,KR:11.5
271613	T:70.7,S:-0.8,K:71.6,TR:-24.2,SR:-12.0,KR:12.2
271653	T:70.7,S:-0.4,K:71.1,TR:-25.0,SR:-11.9,KR:13.1
271693	T:70.4,S:-0.1,K:70.5,TR:-25.2,SR:-11.5,KR:13.7
271733	T:70.0,S:0.5,K:69.5,TR:-25.0,SR:-11.3,KR:13.7
271773	T:69.8,S:1.0,K:68.7,TR:-26.4,SR:-10.5,KR:15.9
271813	T:69.5,S:1.4,K:68.2,TR:-26.2,SR:-10.9,KR:15.3
271854	T:69.4,S:2.3,K:67.2,TR:-26.2,SR:-10.9,KR:15.3
271893	T:68.6,S:4.4,K:64.2,TR:-26.7,SR:-10.1,KR:16.6
271933	T:67.6,S:6.3,K:61.3,TR:-26.5,SR:-10.8,KR:15.7
271973	T:67.3,S:6.7,K:60.5,TR:-26.6,SR:-9.9,KR:16.7
272013	T:66.9,S:8.0,K:58.9,TR:-26.8,SR:-10.8,KR:16.0
272053	T:66.3,S:7.8,K:58.5,TR:-27.0,SR:-12.8,KR:14.2
272093	T:65.4,S:7.3,K:58.1,TR:-25.8,SR:-13.6,KR:12.2
272133	T:65.2,S:7.8,K:57.5,TR:-25.9,SR:-14.1,KR:11.8
272173	T:64.9,S:7.8,K:57.1,TR:-24.3,SR:-15.0,KR:9.3
272213	T:63.2,S:7.5,K:55.7,TR:-23.2,SR:-14.6,KR:8.6
272253	T:62.3,S:8.1,K:54.2,TR:-23.0,SR:-13.7,KR:9.4
272293	T:61.2,S:9.9,K:51.3,TR:-22.7,SR:-11.7,KR:11.1
272333	T:60.9,S:10.1,K:50.8,TR:-22.2,SR:-9.3,KR:12.9
272373	T:61.0,S:11.7,K:49.3,TR:-24.3,SR:-8.9,KR:15.3
272413	T:60.9,S:12.3,K:48.6,TR:-25.3,SR:-7.7,KR:17.6
272453	T:61.8,S:16.2,K:45.6,TR:-28.9,SR:-6.8,KR:22.1
272493	T:61.7,S:17.3,K:44.4,TR:-29.5,SR:-6.3,KR:23.2
272533	T:59.7,S:25.8,K:34.0,TR:-27.0,SR:0.0,KR:27.0
272573	T:62.8,S:33.2,K:29.6,TR:-28.7,SR:4.9,KR:33.6
272613	T:62.5,S:40.7,K:21.8,TR:-28.7,SR:12.2,KR:40.9
272653	T:61.7,S:45.7,K:16.0,TR:-28.3,SR:4.7,KR:32.9
272693	T:60.3,S:52.9,K:7.4,TR:-26.8,SR:7.0,KR:33.7
272733	T:60.3,S:54.7,K:5.6,TR:-24.9,SR:4.4,KR:29.4
272773	T:60.8,S:60.5,K:0.3,TR:-20.0,SR:-10.3,KR:9.7
272813	T:61.0,S:66.1,K:5.1,TR:-15.5,SR:-13.0,KR:2.5
272853	T:61.3,S:68.9,K:7.6,TR:-13.4,SR:-18.1,KR:4.8
272893	T:61.7,S:71.1,K:9.4,TR:-12.2,SR:-24.8,KR:12.6
272933	T:63.7,S:74.1,K:10.4,TR:-11.0,SR:-29.7,KR:18.8
272973	T:63.5,S:75.7,K:12.2,TR:-8.7,SR:-35.1,KR:26.4
273013	T:64.1,S:78.1,K:14.1,TR:-7.7,SR:-41.5,KR:33.9
273053	T:64.5,S:78.9,K:14.4,TR:-8.0,SR:-44.1,KR:36.1
273093	T:65.7,S:80.4,K:14.8,TR:-8.8,SR:-48.1,KR:39.3
273133	T:67.2,S:81.7,K:14.5,TR:-9.6,SR:-52.0,KR:42.4
273173	T:68.0,S:81.9,K:13.9,TR:-8.7,SR:-53.1,KR:44.4
273213	T:69.4,S:81.7,K:12.3,TR:-9.2,SR:-54.8,KR:45.6
273253	T:69.6,S:81.7,K:12.1,TR:-8.1,SR:-59.4,KR:51.3
273293	T:69.9,S:83.0,K:13.1,TR:-10.6,SR:-64.1,KR:53.5
273333	T:70.1,S:83.3,K:13.1,TR:-12.2,SR:-64.2,KR:52.0
273373	T:71.1,S:83.0,K:11.8,TR:-14.1,SR:-55.5,KR:41.4
273413	T:72.1,S:84.2,K:12.1,TR:-18.4,SR:-50.7,KR:32.3
273453	T:73.2,S:84.3,K:11.1,TR:-26.4,SR:-33.0,KR:6.5
273493	T:71.9,S:85.6,K:13.8,TR:-23.5,SR:-56.1,KR:32.6
273533	T:68.3,S:84.9,K:16.7,TR:-22.8,SR:-53.3,KR:30.5
273573	T:69.3,S:85.2,K:15.8,TR:-28.8,SR:-44.3,KR:15.5
273613	T:68.6,S:84.2,K:15.7,TR:-29.8,SR:-31.8,KR:2.0
273653	T:68.3,S:83.4,K:15.1,TR:-30.0,SR:-24.3,KR:5.7
273693	T:68.0,S:83.1,K:15.1,TR:-26.7,SR:-22.9,KR:3.8
273733	T:66.7,S:82.8,K:16.1,TR:-20.9,SR:-14.5,KR:6.5
273773	T:67.6,S:82.0,K:14.4,TR:-16.8,SR:-6.5,KR:10.3
273813	T:66.7,S:81.5,K:14.8,TR:-14.6,SR:-7.9,KR:6.7
273853	T:68.9,S:82.3,K:13.4,TR:-11.6,SR:-11.1,KR:0.5
273893	T:62.9,S:82.0,K:19.2,TR:-8.6,SR:-14.4,KR:5.8
273933	T:64.5,S:83.0,K:18.5,TR:-16.4,SR:-5.0,KR:11.4
273973	T:65.1,S:82.6,K:17.6,TR:-16.9,SR:-3.7,KR:13.2
274013	T:65.5,S:78.2,K:12.8,TR:-17.1,SR:-11.0,KR:6.1
274053	T:67.0,S:75.9,K:8.9,TR:-14.7,SR:-14.1,KR:0.6
274093	T:67.8,S:74.1,K:6.3,TR:-13.2,SR:-12.2,KR:1.0
274133	T:68.9,S:71.1,K:2.1,TR:-12.0,SR:-12.8,KR:0.8
274173	T:70.1,S:67.0,K:3.0,TR:-13.7,SR:-13.5,KR:0.2
274213	T:70.6,S:63.7,K:6.9,TR:-13.9,SR:-16.9,KR:3.1
274253	T:71.0,S:62.2,K:8.8,TR:-13.9,SR:-12.3,KR:1.5
274293	T:70.9,S:57.3,K:13.7,TR:-12.4,SR:-17.3,KR:4.9
274333	T:71.8,S:54.4,K:17.4,TR:-12.1,SR:-19.6,KR:7.5
274373	T:72.8,S:49.6,K:23.2,TR:-13.5,SR:-17.9,KR:4.4
274413	T:72.7,S:46.1,K:26.6,TR:-14.4,SR:-16.7,KR:2.3
274453	T:73.4,S:40.7,K:32.7,TR:-16.3,SR:-20.3,KR:4.0
274493	T:74.6,S:36.3,K:38.4,TR:-17.5,SR:-19.8,KR:2.3
274533	T:76.0,S:30.5,K:45.5,TR:-22.6,SR:-22.4,KR:0.2
274573	T:76.5,S:26.1,K:50.5,TR:-23.2,SR:-20.0,KR:3.2
274613	T:76.7,S:19.4,K:57.3,TR:-23.4,SR:-17.4,KR:6.0
274653	T:77.3,S:15.8,K:61.5,TR:-17.1,SR:-14.9,KR:2.1
274693	T:78.5,S:14.4,K:64.2,TR:-15.3,SR:-12.3,KR:3.0
274733	T:79.0,S:13.7,K:65.3,TR:-17.5,SR:-10.4,KR:7.0
274773	T:80.0,S:11.6,K:68.4,TR:-16.8,SR:-9.7,KR:7.0
274813	T:80.1,S:10.1,K:69.9,TR:-14.5,SR:-9.7,KR:4.8
274853	T:79.8,S:7.2,K:72.6,TR:-12.8,SR:-8.7,KR:4.1
274893	T:79.8,S:6.1,K:73.7,TR:-13.0,SR:-8.2,KR:4.8
274933	T:79.6,S:3.2,K:76.4,TR:-12.3,SR:-8.0,KR:4.2
274973	T:79.2,S:1.2,K:78.1,TR:-11.8,SR:-8.0,KR:3.8
275013	T:79.3,S:0.7,K:78.6,TR:-13.1,SR:-7.9,KR:5.3
275053	T:79.2,S:-0.1,K:79.3,TR:-14.8,SR:-7.1,KR:7.7
275093	T:78.8,S:-0.5,K:79.3,TR:-16.8,SR:-6.7,KR:10.1
275133	T:78.8,S:-0.6,K:79.4,TR:-18.1,SR:-5.9,KR:12.2
275173	T:78.8,S:-0.5,K:79.4,TR:-18.7,SR:-5.5,KR:13.1
275213	T:78.5,S:-0.6,K:79.1,TR:-19.0,SR:-5.3,KR:13.7
275253	T:78.7,S:-0.5,K:79.2,TR:-20.9,SR:-4.0,KR:16.9
275293	T:78.8,S:0.6,K:78.3,TR:-23.5,SR:-5.4,KR:18.1
275333	T:78.9,S:1.2,K:77.8,TR:-24.9,SR:-5.7,KR:19.1
275373	T:79.1,S:1.8,K:77.3,TR:-25.9,SR:-5.6,KR:20.3
275413	T:79.1,S:1.0,K:78.0,TR:-25.0,SR:-5.1,KR:19.9
275453	T:79.0,S:1.7,K:77.3,TR:-26.5,SR:-4.5,KR:22.0
275493	T:80.5,S:2.0,K:78.5,TR:-12.5,SR:-5.2,KR:7.3
275533	T:80.2,S:2.7,K:77.5,TR:-18.6,SR:-5.7,KR:12.8
275573	T:80.5,S:3.6,K:77.0,TR:-22.8,SR:-6.1,KR:16.7
275614	T:80.7,S:4.7,K:76.0,TR:-25.3,SR:-6.0,KR:19.3
275653	T:80.5,S:4.8,K:75.7,TR:-24.4,SR:-6.5,KR:17.9
275693	T:80.3,S:5.4,K:74.9,TR:-23.8,SR:-7.2,KR:16.7
275733	T:80.2,S:5.4,K:74.8,TR:-25.1,SR:-7.9,KR:17.1
275773	T:80.0,S:5.4,K:74.6,TR:-26.2,SR:-8.3,KR:17.9
275813	T:80.1,S:5.7,K:74.3,TR:-26.5,SR:-8.8,KR:17.7
275853	T:80.3,S:5.5,K:74.8,TR:-27.6,SR:-8.8,KR:18.9
275893	T:81.1,S:5.6,K:75.5,TR:-31.1,SR:-8.9,KR:22.2
275933	T:81.8,S:5.6,K:76.2,TR:-32.4,SR:-9.0,KR:23.4
275973	T:82.1,S:5.2,K:77.0,TR:-31.4,SR:-9.2,KR:22.2
276014	T:82.0,S:4.8,K:77.2,TR:-31.6,SR:-9.7,KR:21.9
276053	T:82.0,S:4.7,K:77.3,TR:-30.5,SR:-10.3,KR:20.2
276093	T:81.7,S:4.8,K:76.9,TR:-28.8,SR:-10.3,KR:18.6
276133	T:80.5,S:5.2,K:75.3,TR:-27.3,SR:-9.3,KR:18.0
276173	T:79.5,S:5.7,K:73.8,TR:-26.2,SR:-8.9,KR:17.3
276213	T:78.7,S:6.6,K:72.1,TR:-26.2,SR:-7.6,KR:18.5
276253	T:78.4,S:7.3,K:71.1,TR:-26.6,SR:-6.8,KR:19.9
276293	T:77.9,S:7.9,K:70.0,TR:-26.2,SR:-7.8,KR:18.3
276333	T:76.6,S:9.3,K:67.4,TR:-22.5,SR:-7.4,KR:15.1
276373	T:75.4,S:11.8,K:63.7,TR:-20.0,SR:-2.8,KR:17.1
276413	T:75.0,S:12.0,K:63.0,TR:-20.1,SR:-2.0,KR:18.1
276453	T:74.2,S:15.9,K:58.4,TR:-17.8,SR:-1.9,KR:15.9
276493	T:73.7,S:18.5,K:55.2,TR:-18.6,SR:-2.1,KR:16.5
276533	T:74.1,S:20.9,K:53.2,TR:-20.6,SR:-3.3,KR:17.3
276573	T:73.7,S:21.9,K:51.8,TR:-20.6,SR:-2.6,KR:18.0
276613	T:72.9,S:25.8,K:47.1,TR:-18.6,SR:0.2,KR:18.8
276653	T:71.8,S:30.3,K:41.5,TR:-17.2,SR:0.8,KR:18.1
276693	T:70.8,S:37.3,K:33.5,TR:-16.2,SR:3.8,KR:19.9
276733	T:70.5,S:40.0,K:30.5,TR:-15.6,SR:3.7,KR:19.2
276773	T:70.2,S:45.5,K:24.7,TR:-14.9,SR:1.1,KR:16.0
276813	T:70.2,S:52.9,K:17.3,TR:-14.9,SR:4.3,KR:19.1
276853	T:70.0,S:56.0,K:14.0,TR:-14.1,SR:1.7,KR:15.8
276893	T:69.6,S:60.9,K:8.7,TR:-13.2,SR:-4.4,KR:8.8
276933	T:69.4,S:65.1,K:4.3,TR:-12.8,SR:3.6,KR:16.4
276973	T:69.6,S:69.3,K:0.2,TR:-12.8,SR:-1.7,KR:11.1
277013	T:69.6,S:71.8,K:2.2,TR:-13.6,SR:-12.9,KR:0.7
277053	T:69.6,S:75.1,K:5.5,TR:-14.6,SR:-22.9,KR:8.3
277093	T:69.6,S:77.1,K:7.5,TR:-15.2,SR:-12.6,KR:2.6
277133	T:69.7,S:78.9,K:9.2,TR:-16.5,SR:-14.5,KR:2.0
277173	T:70.3,S:79.7,K:9.4,TR:-18.5,SR:-17.5,KR:1.0
277213	T:71.3,S:81.0,K:9.8,TR:-18.7,SR:-22.6,KR:3.9
277253	T:70.8,S:81.9,K:11.1,TR:-15.9,SR:-19.7,KR:3.8
277293	T:72.3,S:81.8,K:9.5,TR:-6.9,SR:-21.1,KR:14.1
277333	T:73.1,S:82.2,K:9.1,TR:-12.0,SR:-23.3,KR:11.3
277373	T:73.7,S:82.4,K:8.7,TR:-17.7,SR:-28.1,KR:10.4
277413	T:72.5,S:83.2,K:10.7,TR:-18.1,SR:-37.1,KR:18.9
277453	T:73.9,S:83.0,K:9.1,TR:-23.0,SR:-30.1,KR:7.2
277493	T:73.9,S:83.5,K:9.6,TR:-19.5,SR:-32.1,KR:12.5
277534	T:73.7,S:83.3,K:9.7,TR:-17.7,SR:-33.5,KR:15.8
277573	T:74.6,S:83.9,K:9.3,TR:-16.0,SR:-38.9,KR:23.0
277613	T:75.8,S:84.0,K:8.1,TR:-14.3,SR:-35.9,KR:21.6
277653	T:76.4,S:83.7,K:7.3,TR:-15.0,SR:-35.7,KR:20.7
277693	T:77.0,S:83.9,K:6.9,TR:-13.2,SR:-29.5,KR:16.3
277733	T:77.4,S:83.8,K:6.4,TR:-15.7,SR:-26.2,KR:10.5
277773	T:77.4,S:83.4,K:5.9,TR:-16.2,SR:-26.1,KR:9.9
277813	T:77.3,S:83.8,K:6.5,TR:-17.4,SR:-27.5,KR:10.0
277853	T:77.2,S:84.5,K:7.2,TR:-18.8,SR:-33.4,KR:14.6
277893	T:77.4,S:84.4,K:7.0,TR:-20.2,SR:-37.2,KR:17.0
277933	T:77.5,S:84.2,K:6.7,TR:-21.3,SR:-38.6,KR:17.3
277973	T:77.6,S:84.0,K:6.4,TR:-21.5,SR:-39.1,KR:17.6
278013	T:77.6,S:83.6,K:6.0,TR:-22.2,SR:-34.9,KR:12.8
278053	T:77.4,S:84.5,K:7.0,TR:-22.4,SR:-33.9,KR:11.5
278093	T:77.1,S:84.4,K:7.3,TR:-21.6,SR:-35.5,KR:14.0
278133	T:75.5,S:84.3,K:8.8,TR:-21.0,SR:-35.9,KR:14.9
278173	T:76.6,S:84.5,K:7.9,TR:-23.2,SR:-41.2,KR:18.0
278213	T:77.1,S:86.4,K:9.3,TR:-27.3,SR:-50.1,KR:22.8
278253	T:77.3,S:88.4,K:11.1,TR:-31.4,SR:-56.8,KR:25.4
278293	T:77.8,S:89.6,K:11.9,TR:-35.6,SR:-29.2,KR:6.4
278333	T:77.0,S:85.2,K:8.2,TR:-33.1,SR:-18.4,KR:14.7
278373	T:76.7,S:82.8,K:6.1,TR:-34.0,SR:-26.8,KR:7.2
278413	T:76.3,S:81.9,K:5.6,TR:-32.7,SR:-30.3,KR:2.3
278453	T:75.5,S:80.2,K:4.7,TR:-33.0,SR:-32.6,KR:0.4
278493	T:75.1,S:78.9,K:3.8,TR:-32.0,SR:-32.4,KR:0.3
278533	T:75.3,S:78.3,K:3.0,TR:-30.3,SR:-36.6,KR:6.3
278573	T:75.0,S:77.6,K:2.6,TR:-28.2,SR:-37.3,KR:9.1
278613	T:74.6,S:76.3,K:1.7,TR:-25.9,SR:-36.6,KR:10.6
278653	T:75.4,S:76.4,K:1.0,TR:-23.3,SR:-38.8,KR:15.5
278693	T:75.8,S:75.8,K:0.0,TR:-22.2,SR:-40.0,KR:17.7
278733	T:75.3,S:77.0,K:1.7,TR:-19.6,SR:-32.7,KR:13.1
278773	T:74.8,S:77.0,K:2.2,TR:-20.1,SR:-35.3,KR:15.2
278813	T:74.9,S:77.6,K:2.7,TR:-19.7,SR:-33.1,KR:13.5
278853	T:75.1,S:77.3,K:2.2,TR:-20.5,SR:-31.1,KR:10.6
278893	T:74.1,S:76.2,K:2.2,TR:-15.9,SR:-30.3,KR:14.4
278933	T:63.4,S:75.4,K:12.0,TR:-13.0,SR:-29.7,KR:16.7
278973	T:64.7,S:74.5,K:9.8,TR:-12.7,SR:-31.3,KR:18.5
279013	T:65.2,S:74.3,K:9.1,TR:-12.8,SR:-31.3,KR:18.5
279053	T:66.4,S:73.0,K:6.6,TR:-13.3,SR:-32.4,KR:19.2
279093	T:66.6,S:72.1,K:5.5,TR:-9.7,SR:-32.8,KR:23.2
279133	T:67.5,S:71.1,K:3.7,TR:-9.2,SR:-27.7,KR:18.5
279173	T:67.7,S:69.7,K:2.0,TR:-10.1,SR:-26.7,KR:16.5
279213	T:67.0,S:68.2,K:1.2,TR:-8.3,SR:-27.7,KR:19.4
279253	T:67.0,S:67.5,K:0.5,TR:-7.7,SR:-25.3,KR:17.5
279293	T:67.7,S:65.8,K:1.9,TR:-8.3,SR:-23.7,KR:15.4
279333	T:68.2,S:64.6,K:3.5,TR:-8.4,SR:-22.5,KR:14.1
279373	T:68.8,S:61.5,K:7.3,TR:-8.6,SR:-21.9,KR:13.3
279413	T:70.5,S:59.5,K:10.9,TR:-7.5,SR:-22.6,KR:15.0
279453	T:70.4,S:58.7,K:11.7,TR:-3.9,SR:-21.5,KR:17.5
279493	T:71.5,S:56.0,K:15.5,TR:-4.5,SR:-21.0,KR:16.5
279533	T:75.3,S:53.0,K:22.3,TR:-12.4,SR:-19.1,KR:6.7
279573	T:77.8,S:49.1,K:28.6,TR:-12.6,SR:-19.0,KR:6.3
279613	T:78.4,S:46.5,K:31.9,TR:-12.5,SR:-20.4,KR:7.9
279653	T:79.5,S:42.0,K:37.5,TR:-10.9,SR:-21.7,KR:10.7
279693	T:79.8,S:36.3,K:43.5,TR:-4.5,SR:-21.6,KR:17.1
279733	T:79.9,S:31.5,K:48.5,TR:-1.1,SR:-20.4,KR:19.2
279773	T:80.0,S:29.2,K:50.8,TR:-1.4,SR:-20.2,KR:18.8
279813	T:80.2,S:25.4,K:54.8,TR:-2.1,SR:-18.1,KR:16.0
279853	T:80.2,S:23.0,K:57.2,TR:-7.2,SR:-16.9,KR:9.7
279893	T:80.3,S:19.1,K:61.2,TR:-6.7,SR:-14.8,KR:8.1
279933	T:80.3,S:18.1,K:62.2,TR:-6.6,SR:-13.3,KR:6.7
279973	T:79.8,S:16.0,K:63.9,TR:-5.0,SR:-13.3,KR:8.3
280013	T:79.4,S:14.2,K:65.2,TR:-5.6,SR:-13.3,KR:7.7
280053	T:79.1,S:13.5,K:65.6,TR:-7.0,SR:-9.8,KR:2.8
280093	T:79.0,S:14.2,K:64.8,TR:-8.0,SR:-7.6,KR:0.3
280133	T:78.3,S:16.0,K:62.3,TR:-6.8,SR:-4.9,KR:1.9
280173	T:77.4,S:12.6,K:64.9,TR:-5.5,SR:0.2,KR:5.6
280213	T:76.6,S:13.3,K:63.3,TR:-5.6,SR:3.5,KR:9.1
280253	T:76.1,S:16.1,K:59.9,TR:-5.3,SR:5.2,KR:10.6
280293	T:75.0,S:21.5,K:53.5,TR:-5.6,SR:3.4,KR:9.1
280333	T:74.1,S:26.7,K:47.4,TR:-6.4,SR:8.8,KR:15.2
280373	T:73.5,S:30.1,K:43.4,TR:-7.9,SR:8.9,KR:16.8
280413	T:73.0,S:34.7,K:38.3,TR:-7.8,SR:8.8,KR:16.7
280453	T:72.4,S:41.6,K:30.8,TR:-8.6,SR:13.2,KR:21.8
280493	T:71.9,S:48.6,K:23.4,TR:-8.5,SR:9.6,KR:18.1
280533	T:71.7,S:52.7,K:19.0,TR:-8.6,SR:9.7,KR:18.3
280573	T:71.4,S:57.5,K:13.9,TR:-8.7,SR:12.4,KR:21.1
280613	T:71.5,S:63.0,K:8.6,TR:-9.4,SR:13.5,KR:22.9
280653	T:71.5,S:69.7,K:1.8,TR:-9.9,SR:18.7,KR:28.6
280693	T:71.5,S:72.2,K:0.7,TR:-9.7,SR:26.1,KR:35.9
280733	T:71.3,S:75.4,K:4.1,TR:-9.4,SR:29.3,KR:38.6
280773	T:71.3,S:78.1,K:6.8,TR:-9.4,SR:28.2,KR:37.6
280813	T:71.1,S:82.4,K:11.3,TR:-9.2,SR:27.5,KR:36.7
280853	T:71.0,S:83.9,K:13.0,TR:-9.0,SR:46.9,KR:55.9
280893	T:70.8,S:85.5,K:14.7,TR:-8.5,SR:57.3,KR:65.8
280933	T:70.7,S:86.8,K:16.1,TR:-8.3,SR:39.6,KR:47.9
280973	T:70.4,S:87.3,K:16.8,TR:-7.6,SR:32.9,KR:40.6
281013	T:70.3,S:87.5,K:17.2,TR:-7.2,SR:34.6,KR:41.8
281053	T:70.7,S:87.0,K:16.4,TR:-8.5,SR:16.7,KR:25.2
281093	T:72.2,S:87.1,K:15.0,TR:-12.2,SR:10.8,KR:23.0
281133	T:72.7,S:86.3,K:13.7,TR:-10.4,SR:0.6,KR:11.1
281173	T:72.7,S:86.4,K:13.8,TR:-9.9,SR:-2.8,KR:7.1
281213	T:72.6,S:86.2,K:13.6,TR:-10.0,SR:-0.7,KR:9.3
281253	T:72.1,S:86.0,K:13.9,TR:-9.1,SR:1.0,KR:10.1
281293	T:71.7,S:86.2,K:14.5,TR:-9.5,SR:1.3,KR:10.8
281333	T:71.6,S:85.8,K:14.2,TR:-10.0,SR:-0.4,KR:9.6
281373	T:71.5,S:85.7,K:14.2,TR:-10.7,SR:-4.1,KR:6.6
281413	T:71.2,S:85.7,K:14.5,TR:-10.5,SR:0.1,KR:10.5
281453	T:71.1,S:85.9,K:14.7,TR:-10.3,SR:4.7,KR:15.1
281493	T:70.9,S:85.5,K:14.6,TR:-9.6,SR:1.4,KR:10.9
281533	T:70.9,S:84.8,K:13.9,TR:-8.7,SR:-0.3,KR:8.4
281573	T:71.9,S:84.4,K:12.5,TR:-9.8,SR:-3.5,KR:6.3
281613	T:72.6,S:84.1,K:11.5,TR:-11.0,SR:-3.3,KR:7.7
281653	T:74.2,S:83.0,K:8.8,TR:-12.5,SR:-5.9,KR:6.6
281693	T:75.2,S:82.5,K:7.4,TR:-11.4,SR:-5.2,KR:6.2
281733	T:75.7,S:81.9,K:6.2,TR:-9.2,SR:-7.2,KR:2.1
281773	T:75.8,S:81.1,K:5.4,TR:-8.9,SR:-7.9,KR:1.0
281813	T:76.8,S:80.1,K:3.3,TR:-12.5,SR:-0.7,KR:11.8
281853	T:78.3,S:78.8,K:0.5,TR:-14.4,SR:-7.0,KR:7.4
281893	T:79.5,S:77.8,K:1.7,TR:-12.4,SR:-3.7,KR:8.7
281933	T:80.3,S:77.2,K:3.1,TR:-19.2,SR:-3.5,KR:15.8
281973	T:81.2,S:75.9,K:5.3,TR:-12.4,SR:-7.0,KR:5.4
282013	T:84.0,S:74.7,K:9.3,TR:-38.3,SR:-2.2,KR:36.1
282053	T:87.1,S:72.2,K:15.0,TR:-52.4,SR:-2.6,KR:49.7
282093	T:89.5,S:71.2,K:18.3,TR:-68.0,SR:-4.6,KR:63.4
282133	T:91.7,S:69.5,K:22.2,TR:-62.1,SR:-4.2,KR:57.9
282173	T:92.7,S:68.0,K:24.8,TR:-85.7,SR:-4.5,KR:81.2
282213	T:92.9,S:67.3,K:25.6,TR:-90.8,SR:-3.6,KR:87.2
282253	T:93.8,S:66.0,K:27.8,TR:-102.1,SR:-2.8,KR:99.3
282293	T:94.1,S:63.8,K:30.3,TR:-108.2,SR:-6.1,KR:102.1
282333	T:96.1,S:62.4,K:33.7,TR:-76.6,SR:-7.1,KR:69.5
282373	T:101.1,S:61.0,K:40.2,TR:-39.9,SR:-6.0,KR:33.9
282413	T:102.8,S:58.4,K:44.3,TR:-21.5,SR:-6.3,KR:15.2
282453	T:103.5,S:56.7,K:46.8,TR:-62.5,SR:-4.7,KR:57.7
282493	T:103.7,S:54.9,K:48.8,TR:-91.5,SR:-3.3,KR:88.1
282533	T:104.2,S:53.7,K:50.5,TR:-102.2,SR:-2.5,KR:99.8
282573	T:104.0,S:52.0,K:51.9,TR:-120.6,SR:-1.8,KR:118.8
282613	T:103.9,S:52.1,K:51.8,TR:-134.3,SR:-1.8,KR:132.5
282653	T:103.7,S:52.9,K:50.8,TR:-144.6,SR:-0.3,KR:144.3
282693	T:103.6,S:54.2,K:49.4,TR:-145.6,SR:1.3,KR:146.9
282733	T:101.3,S:55.3,K:46.0,TR:-111.5,SR:4.9,KR:116.3
282773	T:98.4,S:55.0,K:43.4,TR:-120.8,SR:7.8,KR:128.6
282813	T:94.7,S:57.6,K:37.1,TR:-106.2,SR:4.7,KR:110.9
282853	T:93.1,S:59.1,K:33.9,TR:-99.8,SR:7.0,KR:106.8
282893	T:92.1,S:62.0,K:30.1,TR:-58.6,SR:7.2,KR:65.8
282933	T:88.3,S:65.5,K:22.8,TR:-51.7,SR:5.3,KR:57.0
282973	T:83.8,S:68.2,K:15.6,TR:-48.3,SR:3.7,KR:51.9
283013	T:84.1,S:69.2,K:14.9,TR:-52.2,SR:2.5,KR:54.7
283053	T:79.8,S:71.7,K:8.1,TR:-46.8,SR:0.7,KR:47.5
283093	T:77.0,S:74.1,K:2.9,TR:-41.3,SR:-0.5,KR:40.9
283133	T:74.9,S:76.0,K:1.1,TR:-39.8,SR:-5.3,KR:34.5
283173	T:72.8,S:76.9,K:4.2,TR:-36.8,SR:-5.8,KR:30.9
283213	T:70.5,S:78.3,K:7.8,TR:-31.7,SR:-6.8,KR:24.9
283253	T:68.6,S:79.1,K:10.5,TR:-27.1,SR:-12.5,KR:14.6
283293	T:67.8,S:79.3,K:11.6,TR:-25.4,SR:-12.4,KR:12.9
283333	T:66.7,S:80.0,K:13.3,TR:-23.1,SR:-12.0,KR:11.1
283373	T:66.4,S:79.5,K:13.1,TR:-20.8,SR:-14.6,KR:6.2
283413	T:66.7,S:78.9,K:12.1,TR:-19.2,SR:-15.7,KR:3.4
283453	T:67.6,S:78.1,K:10.5,TR:-18.2,SR:-15.9,KR:2.4
283493	T:68.8,S:77.2,K:8.4,TR:-16.8,SR:-18.7,KR:1.9
283533	T:71.4,S:76.3,K:4.9,TR:-16.2,SR:-22.2,KR:6.0
283573	T:75.4,S:73.2,K:2.2,TR:-22.3,SR:-20.2,KR:2.1
283613	T:77.8,S:71.6,K:6.2,TR:-29.2,SR:-22.9,KR:6.3
283653	T:82.2,S:69.3,K:12.9,TR:-19.7,SR:-24.0,KR:4.2
283693	T:86.1,S:66.4,K:19.8,TR:-52.5,SR:-23.5,KR:29.0
283733	T:91.3,S:63.7,K:27.7,TR:-35.1,SR:-25.2,KR:10.0
283773	T:93.5,S:61.6,K:31.9,TR:-50.7,SR:-22.6,KR:28.2
283813	T:97.8,S:58.4,K:39.4,TR:-78.9,SR:-21.8,KR:57.1
283853	T:101.8,S:56.2,K:45.6,TR:-99.8,SR:-19.6,KR:80.2
283893	T:105.2,S:53.1,K:52.0,TR:-117.8,SR:-16.8,KR:101.1
283933	T:106.5,S:52.0,K:54.5,TR:-124.6,SR:-16.1,KR:108.4
283973	T:107.9,S:51.3,K:56.7,TR:-137.1,SR:-15.2,KR:121.9
284013	T:108.1,S:51.1,K:57.0,TR:-148.8,SR:-12.5,KR:136.3
284053	T:107.5,S:50.5,K:56.9,TR:-154.2,SR:-11.2,KR:143.0
284093	T:106.8,S:50.7,K:56.1,TR:-157.1,SR:-10.7,KR:146.4
284133	T:104.1,S:52.1,K:52.0,TR:-116.2,SR:-7.9,KR:108.3
284173	T:101.9,S:51.9,K:50.0,TR:-125.3,SR:-5.8,KR:119.6
284213	T:100.9,S:51.8,K:49.1,TR:-127.0,SR:-5.3,KR:121.6
284253	T:98.5,S:53.4,K:45.1,TR:-133.7,SR:-6.5,KR:127.3
284293	T:97.0,S:54.7,K:42.3,TR:-133.8,SR:-5.7,KR:128.1
284333	T:95.3,S:57.2,K:38.1,TR:-130.9,SR:-5.4,KR:125.6
284373	T:93.8,S:57.9,K:35.9,TR:-119.3,SR:-4.4,KR:114.9
284413	T:91.1,S:60.6,K:30.4,TR:-102.4,SR:-3.9,KR:98.5
284453	T:88.0,S:62.7,K:25.4,TR:-88.3,SR:-3.3,KR:84.9
284493	T:84.4,S:65.0,K:19.5,TR:-71.6,SR:-2.3,KR:69.3
284533	T:83.8,S:66.2,K:17.6,TR:-65.4,SR:-1.9,KR:63.5
284573	T:83.3,S:68.0,K:15.3,TR:-59.4,SR:-5.4,KR:54.0
284613	T:82.2,S:69.3,K:12.9,TR:-51.3,SR:-5.7,KR:45.5
284653	T:81.3,S:69.1,K:12.2,TR:-41.5,SR:-8.9,KR:32.6
284693	T:80.6,S:69.8,K:10.8,TR:-36.7,SR:-11.2,KR:25.5
284733	T:79.2,S:70.8,K:8.4,TR:-29.0,SR:-10.1,KR:18.9
284773	T:78.4,S:71.5,K:6.9,TR:-23.6,SR:-11.4,KR:12.1
284813	T:78.1,S:70.5,K:7.6,TR:-20.8,SR:-12.1,KR:8.8
284853	T:78.5,S:70.3,K:8.2,TR:-22.2,SR:-12.8,KR:9.4
284893	T:79.6,S:69.2,K:10.3,TR:-21.6,SR:-12.2,KR:9.3
284933	T:80.9,S:68.1,K:12.8,TR:-23.0,SR:-14.1,KR:8.9
284973	T:81.3,S:67.3,K:14.0,TR:-22.9,SR:-14.4,KR:8.5
285013	T:82.2,S:66.2,K:15.9,TR:-30.0,SR:-14.4,KR:15.7
285053	T:85.1,S:64.4,K:20.6,TR:-54.7,SR:-15.4,KR:39.4
285093	T:89.2,S:62.8,K:26.4,TR:-76.5,SR:-15.9,KR:60.6
285133	T:90.6,S:61.7,K:28.9,TR:-83.2,SR:-16.6,KR:66.7
285173	T:91.6,S:59.0,K:32.7,TR:-87.1,SR:-15.9,KR:71.2
285213	T:91.7,S:56.1,K:35.7,TR:-90.6,SR:-15.7,KR:74.9
285253	T:91.3,S:53.4,K:37.8,TR:-85.9,SR:-16.7,KR:69.1
285293	T:90.9,S:52.0,K:38.9,TR:-83.5,SR:-15.9,KR:67.6
285333	T:90.9,S:49.4,K:41.5,TR:-53.3,SR:-14.5,KR:38.8
285373	T:89.5,S:46.9,K:42.6,TR:-55.0,SR:-13.9,KR:41.1
285413	T:88.6,S:44.8,K:43.8,TR:-56.4,SR:-12.4,KR:43.9
285453	T:87.7,S:43.7,K:44.0,TR:-54.8,SR:-11.7,KR:43.2
285493	T:86.4,S:41.8,K:44.6,TR:-48.9,SR:-11.3,KR:37.6
285533	T:85.6,S:40.8,K:44.8,TR:-43.9,SR:-10.5,KR:33.4
285573	T:84.5,S:40.4,K:44.1,TR:-40.5,SR:-10.6,KR:29.9
285613	T:84.1,S:40.1,K:43.9,TR:-39.8,SR:-10.1,KR:29.7
285653	T:83.5,S:39.2,K:44.2,TR:-38.1,SR:-9.2,KR:29.0
285693	T:83.1,S:39.4,K:43.7,TR:-36.3,SR:-8.8,KR:27.6
285733	T:83.2,S:39.5,K:43.8,TR:-35.5,SR:-7.8,KR:27.7
285773	T:83.1,S:39.5,K:43.6,TR:-34.9,SR:-7.9,KR:27.0
285813	T:82.7,S:40.1,K:42.6,TR:-32.7,SR:-7.4,KR:25.3
285853	T:82.7,S:40.9,K:41.9,TR:-29.6,SR:-6.9,KR:22.8
285893	T:82.6,S:41.2,K:41.4,TR:-28.6,SR:-6.4,KR:22.2
285933	T:82.6,S:41.6,K:41.0,TR:-28.7,SR:-5.2,KR:23.4
285973	T:81.7,S:42.6,K:39.1,TR:-25.8,SR:-5.4,KR:20.4
286013	T:80.6,S:44.4,K:36.2,TR:-24.8,SR:-5.9,KR:18.9
286053	T:80.2,S:45.2,K:35.0,TR:-25.5,SR:-5.0,KR:20.5
286093	T:78.9,S:47.9,K:31.0,TR:-21.5,SR:-2.6,KR:18.9
286133	T:76.8,S:50.3,K:26.5,TR:-18.3,SR:-2.2,KR:16.1
286173	T:76.7,S:52.5,K:24.2,TR:-18.1,SR:-1.4,KR:16.7
286213	T:76.7,S:53.9,K:22.7,TR:-18.3,SR:-1.7,KR:16.5
286253	T:76.6,S:57.3,K:19.3,TR:-18.2,SR:-2.6,KR:15.7
286293	T:76.3,S:59.2,K:17.1,TR:-19.4,SR:-3.6,KR:15.8
286333	T:75.4,S:61.8,K:13.6,TR:-18.7,SR:-8.3,KR:10.3
286373	T:75.5,S:63.7,K:11.8,TR:-14.4,SR:-10.0,KR:4.4
286413	T:74.6,S:66.7,K:7.9,TR:-16.5,SR:-8.4,KR:8.1
286453	T:74.5,S:71.6,K:3.0,TR:-19.4,SR:-23.4,KR:4.1
286493	T:74.3,S:74.4,K:0.1,TR:-20.0,SR:-18.9,KR:1.1
286533	T:73.9,S:74.3,K:0.4,TR:-20.3,SR:-14.4,KR:5.9
286573	T:73.6,S:75.2,K:1.6,TR:-20.6,SR:-21.7,KR:1.1
286613	T:73.2,S:79.2,K:6.1,TR:-21.8,SR:-38.3,KR:16.5
286653	T:73.1,S:81.4,K:8.2,TR:-22.0,SR:-45.4,KR:23.4
286693	T:73.5,S:82.4,K:8.9,TR:-21.8,SR:-49.0,KR:27.2
286733	T:74.0,S:84.7,K:10.7,TR:-22.7,SR:-66.0,KR:43.3
286773	T:74.6,S:86.1,K:11.5,TR:-24.2,SR:-74.0,KR:49.8
286813	T:75.1,S:86.7,K:11.7,TR:-25.5,SR:-83.1,KR:57.6
286853	T:75.9,S:88.3,K:12.4,TR:-27.7,SR:-93.1,KR:65.4
286893	T:76.2,S:89.5,K:13.3,TR:-29.3,SR:-101.0,KR:71.7
286933	T:76.4,S:89.8,K:13.4,TR:-29.5,SR:-100.7,KR:71.2
286973	T:76.6,S:90.3,K:13.7,TR:-30.0,SR:-103.7,KR:73.7
287013	T:77.1,S:91.5,K:14.4,TR:-31.1,SR:-114.5,KR:83.4
287053	T:77.0,S:92.2,K:15.3,TR:-30.5,SR:-120.2,KR:89.8
287093	T:77.1,S:92.4,K:15.2,TR:-31.0,SR:-122.2,KR:91.3
287133	T:77.3,S:90.7,K:13.5,TR:-29.8,SR:-110.3,KR:80.4
287173	T:77.0,S:88.7,K:11.7,TR:-28.2,SR:-97.8,KR:69.6
287213	T:77.5,S:87.0,K:9.5,TR:-25.4,SR:-93.4,KR:68.1
287253	T:78.5,S:83.6,K:5.1,TR:-25.5,SR:-83.3,KR:57.8
287293	T:78.6,S:81.1,K:2.5,TR:-25.5,SR:-77.3,KR:51.8
287333	T:78.3,S:79.5,K:1.2,TR:-23.6,SR:-65.6,KR:42.0
287373	T:79.5,S:74.2,K:5.3,TR:-31.1,SR:-56.2,KR:25.2
287413	T:80.6,S:68.7,K:11.9,TR:-29.9,SR:-48.5,KR:18.6
287453	T:80.7,S:66.7,K:14.0,TR:-30.1,SR:-49.0,KR:18.9
287493	T:79.5,S:62.1,K:17.3,TR:-25.7,SR:-42.8,KR:17.1
287533	T:78.3,S:57.7,K:20.6,TR:-24.7,SR:-39.3,KR:14.7
287573	T:77.8,S:53.6,K:24.3,TR:-19.1,SR:-34.4,KR:15.3
287613	T:78.2,S:51.5,K:26.7,TR:-18.8,SR:-33.7,KR:14.9
287653	T:79.6,S:48.1,K:31.5,TR:-28.7,SR:-33.0,KR:4.3
287693	T:83.3,S:44.8,K:38.5,TR:29.1,SR:-28.5,KR:57.6
287733	T:84.0,S:42.6,K:41.4,TR:9.5,SR:-28.4,KR:37.9
287773	T:86.1,S:40.2,K:45.9,TR:-31.3,SR:-25.5,KR:5.8
287813	T:87.5,S:36.6,K:50.9,TR:-15.8,SR:-23.7,KR:7.9
287853	T:88.3,S:32.9,K:55.4,TR:-47.9,SR:-22.2,KR:25.7
287893	T:88.3,S:31.7,K:56.6,TR:-55.6,SR:-20.3,KR:35.3
287933	T:89.0,S:28.6,K:60.4,TR:-73.4,SR:-18.6,KR:54.8
287973	T:89.7,S:25.9,K:63.7,TR:-83.2,SR:-14.9,KR:68.3
288013	T:90.2,S:25.8,K:64.4,TR:-88.9,SR:-11.8,KR:77.1
288053	T:90.8,S:26.5,K:64.4,TR:-94.4,SR:-10.2,KR:84.2
288093	T:91.2,S:27.2,K:63.9,TR:-88.2,SR:-6.7,KR:81.4
288133	T:89.8,S:28.3,K:61.5,TR:-69.6,SR:-4.9,KR:64.8
288173	T:87.5,S:29.7,K:57.8,TR:-54.6,SR:-2.1,KR:52.4
288213	T:86.5,S:31.0,K:55.5,TR:-49.9,SR:-1.2,KR:48.7
288253	T:86.1,S:35.6,K:50.5,TR:-49.9,SR:3.0,KR:52.8
288293	T:83.7,S:39.6,K:44.0,TR:-44.5,SR:8.0,KR:52.5
288333	T:80.3,S:43.1,K:37.2,TR:-31.2,SR:5.4,KR:36.7
288373	T:78.8,S:45.5,K:33.3,TR:-26.5,SR:6.2,KR:32.7
288413	T:76.7,S:53.0,K:23.6,TR:-26.4,SR:4.4,KR:30.8
288453	T:76.0,S:59.1,K:16.9,TR:-25.0,SR:8.4,KR:33.4
288493	T:74.7,S:61.9,K:12.9,TR:-22.8,SR:5.5,KR:28.2
288533	T:74.8,S:63.8,K:11.0,TR:-22.3,SR:4.4,KR:26.8
288573	T:74.7,S:66.4,K:8.2,TR:-23.7,SR:-1.0,KR:22.8
288613	T:74.7,S:69.3,K:5.4,TR:-24.7,SR:-8.5,KR:16.2
288653	T:74.6,S:71.2,K:3.4,TR:-25.1,SR:-10.8,KR:14.3
288693	T:74.8,S:74.3,K:0.5,TR:-25.5,SR:-12.9,KR:12.6
288733	T:75.3,S:75.7,K:0.4,TR:-27.7,SR:-10.8,KR:16.9
288773	T:75.6,S:76.8,K:1.2,TR:-28.5,SR:-13.9,KR:14.6
288813	T:75.7,S:77.3,K:1.5,TR:-28.4,SR:-14.9,KR:13.5
288853	T:75.7,S:77.6,K:1.8,TR:-27.7,SR:-15.4,KR:12.4
288893	T:77.9,S:78.7,K:0.8,TR:-29.1,SR:-17.0,KR:12.2
288933	T:79.2,S:78.8,K:0.3,TR:-32.2,SR:-20.7,KR:11.5
288973	T:79.9,S:79.2,K:0.6,TR:-33.9,SR:-22.5,KR:11.5
289013	T:81.5,S:79.7,K:1.8,TR:-37.6,SR:-20.5,KR:17.1
289053	T:82.4,S:80.1,K:2.3,TR:-38.9,SR:-24.3,KR:14.7
289093	T:83.9,S:81.0,K:2.9,TR:-45.2,SR:-29.2,KR:16.1
289133	T:85.3,S:81.2,K:4.1,TR:-52.0,SR:-25.7,KR:26.3
289173	T:89.2,S:81.2,K:8.0,TR:-77.1,SR:-22.4,KR:54.7
289213	T:91.0,S:84.2,K:6.8,TR:-91.9,SR:-40.0,KR:52.0
289253	T:91.7,S:83.7,K:8.0,TR:-63.7,SR:-36.3,KR:27.3
289293	T:91.7,S:84.1,K:7.6,TR:-71.2,SR:-38.6,KR:32.5
289333	T:93.5,S:85.6,K:7.9,TR:-85.2,SR:-44.1,KR:41.0
289373	T:93.7,S:86.8,K:6.9,TR:-97.7,SR:-54.8,KR:43.0
289413	T:95.7,S:88.4,K:7.3,TR:-112.0,SR:-64.2,KR:47.7
289453	T:96.6,S:88.5,K:8.1,TR:-117.2,SR:-42.9,KR:74.3
289493	T:97.4,S:88.7,K:8.6,TR:-127.5,SR:-56.0,KR:71.5
289533	T:98.7,S:90.6,K:8.2,TR:-44.6,SR:-68.3,KR:23.7
289573	T:99.3,S:91.0,K:8.3,TR:-61.4,SR:-83.3,KR:21.8
289613	T:100.7,S:92.5,K:8.2,TR:-40.1,SR:-51.5,KR:11.3
289653	T:101.7,S:92.2,K:9.5,TR:18.6,SR:-63.1,KR:81.7
289693	T:102.9,S:94.1,K:8.8,TR:9.4,SR:-84.4,KR:93.8
289733	T:103.8,S:94.0,K:9.9,TR:-17.5,SR:-92.4,KR:74.9
289773	T:105.7,S:94.3,K:11.4,TR:-59.3,SR:-104.2,KR:44.9
289813	T:108.0,S:94.7,K:13.2,TR:-87.2,SR:-110.2,KR:23.0
289853	T:110.2,S:95.0,K:15.2,TR:-108.2,SR:-117.5,KR:9.3
289893	T:110.6,S:95.0,K:15.6,TR:-66.4,SR:-121.4,KR:55.0
289933	T:111.4,S:95.1,K:16.3,TR:-92.5,SR:-123.8,KR:31.3
289973	T:111.5,S:95.4,K:16.1,TR:-114.0,SR:-124.7,KR:10.7
290013	T:111.5,S:94.4,K:17.1,TR:-128.3,SR:-119.7,KR:8.6
290053	T:111.3,S:94.3,K:17.0,TR:-133.8,SR:-119.3,KR:14.5
290093	T:109.3,S:93.3,K:16.1,TR:-144.7,SR:-114.1,KR:30.5
290133	T:108.7,S:92.4,K:16.2,TR:-152.9,SR:-110.6,KR:42.3
290173	T:107.1,S:90.7,K:16.4,TR:-158.2,SR:-102.0,KR:56.3
290213	T:106.0,S:90.1,K:15.9,TR:-108.6,SR:-97.2,KR:11.4
290253	T:104.8,S:88.3,K:16.5,TR:-126.4,SR:-85.1,KR:41.3
290293	T:103.5,S:84.9,K:18.6,TR:-138.6,SR:-75.7,KR:62.9
290333	T:102.6,S:83.9,K:18.6,TR:-52.1,SR:-67.5,KR:15.4
290373	T:103.0,S:83.5,K:19.5,TR:-69.3,SR:-65.9,KR:3.4
290413	T:101.6,S:80.3,K:21.3,TR:-47.8,SR:-55.7,KR:7.9
290453	T:100.5,S:78.6,K:22.0,TR:10.1,SR:-47.7,KR:57.8
290493	T:100.4,S:78.2,K:22.2,TR:-19.7,SR:-46.5,KR:26.9
290533	T:98.5,S:75.6,K:22.9,TR:-6.9,SR:-39.5,KR:32.5
290573	T:95.9,S:74.1,K:21.9,TR:-6.6,SR:-32.6,KR:26.0
290613	T:93.1,S:70.0,K:23.1,TR:1.6,SR:-29.1,KR:30.6
290653	T:92.1,S:68.8,K:23.4,TR:5.7,SR:-27.8,KR:33.6
290693	T:89.6,S:66.2,K:23.4,TR:-4.8,SR:-26.2,KR:21.3
290733	T:87.5,S:61.7,K:25.8,TR:-9.4,SR:-26.5,KR:17.1
290773	T:85.9,S:58.5,K:27.4,TR:-13.7,SR:-25.8,KR:12.1
290813	T:84.7,S:56.5,K:28.2,TR:-14.5,SR:-24.5,KR:10.0
290853	T:82.7,S:52.1,K:30.7,TR:-11.2,SR:-23.1,KR:11.9
290893	T:81.3,S:49.0,K:32.3,TR:-13.9,SR:-21.3,KR:7.5
290933	T:80.2,S:46.3,K:34.0,TR:-13.6,SR:-19.8,KR:6.2
290973	T:79.5,S:45.1,K:34.4,TR:-12.4,SR:-18.3,KR:6.0
291013	T:78.4,S:43.0,K:35.4,TR:-11.3,SR:-16.6,KR:5.3
291053	T:77.3,S:41.0,K:36.4,TR:-10.0,SR:-14.7,KR:4.8
291093	T:76.2,S:39.9,K:36.2,TR:-8.8,SR:-14.2,KR:5.4
291133	T:75.8,S:39.5,K:36.3,TR:-8.4,SR:-13.3,KR:5.0
291173	T:75.1,S:39.8,K:35.3,TR:-7.4,SR:-10.6,KR:3.2
291213	T:74.4,S:39.5,K:34.9,TR:-6.3,SR:-8.2,KR:1.9
291253	T:74.0,S:39.8,K:34.2,TR:-6.0,SR:-7.6,KR:1.6
291293	T:73.7,S:40.9,K:32.8,TR:-5.8,SR:-7.1,KR:1.4
291333	T:73.2,S:42.4,K:30.8,TR:-5.0,SR:-6.1,KR:1.1
291373	T:72.7,S:43.3,K:29.5,TR:-4.3,SR:-6.3,KR:2.0
291413	T:72.5,S:44.3,K:28.2,TR:-4.0,SR:-5.9,KR:1.9
291453	T:72.1,S:46.0,K:26.1,TR:-3.3,SR:-5.0,KR:1.7
291493	T:71.7,S:48.1,K:23.6,TR:-3.0,SR:-4.9,KR:1.9
291533	T:71.3,S:50.2,K:21.2,TR:-3.4,SR:-4.6,KR:1.3
291573	T:71.1,S:50.8,K:20.3,TR:-3.1,SR:-4.7,KR:1.6
291613	T:70.7,S:52.0,K:18.7,TR:-3.2,SR:-7.4,KR:4.2
291653	T:70.3,S:54.2,K:16.1,TR:-2.7,SR:-8.9,KR:6.2
291693	T:69.7,S:55.4,K:14.4,TR:-3.5,SR:-8.4,KR:4.9
291733	T:69.6,S:56.0,K:13.5,TR:-4.2,SR:-8.7,KR:4.6
291773	T:69.9,S:57.1,K:12.8,TR:-6.1,SR:-8.9,KR:2.7
291813	T:69.9,S:58.8,K:11.2,TR:-11.1,SR:-10.7,KR:0.4
291853	T:72.9,S:59.9,K:12.9,TR:-9.1,SR:-9.7,KR:0.6
291893	T:74.9,S:60.3,K:14.5,TR:-12.2,SR:-9.4,KR:2.8
291933	T:78.3,S:62.0,K:16.3,TR:-14.2,SR:-10.6,KR:3.6
291973	T:80.5,S:63.9,K:16.6,TR:-0.7,SR:-12.0,KR:11.3
292013	T:84.3,S:67.3,K:17.1,TR:-15.2,SR:-15.7,KR:0.5
292053	T:85.6,S:69.2,K:16.5,TR:-27.0,SR:-18.0,KR:9.1
292093	T:86.5,S:73.1,K:13.5,TR:-8.5,SR:-22.6,KR:14.1
292133	T:90.4,S:76.4,K:14.0,TR:-3.3,SR:-27.7,KR:24.4
292173	T:91.2,S:78.9,K:12.3,TR:-35.5,SR:-35.5,KR:0.0
292213	T:94.8,S:80.5,K:14.4,TR:-55.7,SR:-41.8,KR:13.9
292253	T:96.9,S:82.6,K:14.3,TR:-43.3,SR:-49.6,KR:6.3
292293	T:98.2,S:84.9,K:13.3,TR:-26.0,SR:-63.5,KR:37.5
292333	T:98.3,S:85.8,K:12.5,TR:3.8,SR:-70.0,KR:73.8
292373	T:98.0,S:87.8,K:10.2,TR:-5.5,SR:-86.0,KR:80.6
292413	T:98.9,S:88.8,K:10.1,TR:-49.3,SR:-94.4,KR:45.0
292453	T:98.3,S:88.6,K:9.7,TR:-81.2,SR:-95.6,KR:14.5
292493	T:98.1,S:89.2,K:9.0,TR:-92.7,SR:-97.5,KR:4.7
292533	T:97.3,S:85.0,K:12.3,TR:-110.5,SR:-82.9,KR:27.7
292573	T:95.6,S:83.4,K:12.2,TR:-109.2,SR:-74.9,KR:34.2
292613	T:92.1,S:80.2,K:11.8,TR:-90.0,SR:-62.9,KR:27.1
292653	T:90.5,S:78.8,K:11.6,TR:-81.7,SR:-57.3,KR:24.5
292693	T:87.9,S:76.3,K:11.6,TR:-69.9,SR:-52.1,KR:17.8
292733	T:86.1,S:74.7,K:11.4,TR:-59.3,SR:-49.6,KR:9.7
292773	T:85.2,S:73.5,K:11.7,TR:-52.2,SR:-43.8,KR:8.4
292813	T:84.6,S:73.6,K:11.1,TR:-47.9,SR:-43.1,KR:4.8
292853	T:83.8,S:73.1,K:10.8,TR:-40.4,SR:-38.6,KR:1.8
292893	T:82.7,S:72.4,K:10.4,TR:-35.3,SR:-35.7,KR:0.3
292933	T:81.5,S:72.0,K:9.5,TR:-29.7,SR:-31.1,KR:1.4
292973	T:81.2,S:71.4,K:9.8,TR:-27.9,SR:-29.4,KR:1.5
293013	T:80.6,S:69.9,K:10.7,TR:-24.5,SR:-29.4,KR:4.9
293053	T:80.1,S:69.6,K:10.5,TR:-22.5,SR:-24.6,KR:2.1
293093	T:79.6,S:63.3,K:16.3,TR:-21.3,SR:-25.2,KR:3.9
293133	T:79.3,S:61.2,K:18.2,TR:-21.4,SR:-27.0,KR:5.7
293173	T:79.5,S:60.7,K:18.8,TR:-23.9,SR:-22.0,KR:1.9
293213	T:79.8,S:57.4,K:22.4,TR:-25.4,SR:-24.1,KR:1.3
293253	T:79.9,S:57.1,K:22.8,TR:-25.6,SR:-26.5,KR:1.0
293293	T:80.0,S:56.1,K:23.9,TR:-26.3,SR:-28.9,KR:2.6
293333	T:80.4,S:53.0,K:27.4,TR:-26.7,SR:-34.0,KR:7.3
293373	T:80.6,S:46.1,K:34.5,TR:-25.6,SR:-31.6,KR:6.0
293413	T:80.9,S:42.0,K:38.9,TR:-26.3,SR:-30.6,KR:4.3
293453	T:82.0,S:35.0,K:47.0,TR:-28.8,SR:-29.0,KR:0.2
293493	T:83.2,S:30.9,K:52.3,TR:-31.3,SR:-26.5,KR:4.8
293533	T:84.1,S:29.2,K:54.9,TR:-34.5,SR:-22.6,KR:11.9
293573	T:84.7,S:27.3,K:57.4,TR:-38.2,SR:-22.7,KR:15.5
293613	T:85.5,S:23.5,K:62.1,TR:-40.5,SR:-20.9,KR:19.5
293653	T:86.0,S:19.3,K:66.7,TR:-32.1,SR:-20.6,KR:11.5
293693	T:86.2,S:17.1,K:69.2,TR:-41.7,SR:-19.8,KR:21.9
293733	T:86.6,S:15.7,K:70.8,TR:-46.8,SR:-20.3,KR:26.5
293773	T:87.4,S:13.9,K:73.5,TR:-56.7,SR:-20.3,KR:36.3
293813	T:87.6,S:11.6,K:76.0,TR:-59.7,SR:-18.0,KR:41.7
293853	T:88.3,S:9.4,K:78.9,TR:-73.7,SR:-16.5,KR:57.2
293893	T:88.2,S:8.8,K:79.5,TR:-74.9,SR:-16.8,KR:58.2
293933	T:88.5,S:8.1,K:80.5,TR:-81.0,SR:-15.7,KR:65.3
293973	T:89.3,S:7.7,K:81.6,TR:-91.2,SR:-15.1,KR:76.1
294013	T:89.9,S:7.4,K:82.5,TR:-96.4,SR:-15.0,KR:81.4
294053	T:90.3,S:6.7,K:83.6,TR:-100.5,SR:-14.7,KR:85.7
294093	T:90.8,S:4.2,K:86.6,TR:-105.0,SR:-14.0,KR:90.9
294133	T:90.9,S:3.1,K:87.8,TR:-106.0,SR:-13.0,KR:93.0
294173	T:90.9,S:2.7,K:88.2,TR:-106.7,SR:-13.0,KR:93.7
294213	T:90.6,S:1.8,K:88.8,TR:-104.4,SR:-12.4,KR:92.0
294253	T:90.3,S:1.5,K:88.8,TR:-100.7,SR:-11.5,KR:89.3
294293	T:89.8,S:1.3,K:88.5,TR:-90.4,SR:-10.7,KR:79.6
294333	T:89.7,S:1.0,K:88.7,TR:-83.8,SR:-10.6,KR:73.1
294373	T:88.5,S:0.5,K:88.0,TR:-70.1,SR:-10.0,KR:60.1
294413	T:87.9,S:0.4,K:87.6,TR:-63.2,SR:-9.5,KR:53.7
294453	T:87.9,S:-0.1,K:88.0,TR:-56.2,SR:-10.5,KR:45.6
294493	T:87.6,S:-0.5,K:88.1,TR:-53.6,SR:-10.4,KR:43.3
294533	T:85.9,S:0.1,K:85.9,TR:-44.8,SR:-8.9,KR:35.8
294573	T:84.2,S:0.6,K:83.6,TR:-37.1,SR:-8.4,KR:28.7
294613	T:83.0,S:2.1,K:80.9,TR:-31.8,SR:-7.5,KR:24.3
294653	T:82.4,S:2.4,K:80.0,TR:-29.2,SR:-7.7,KR:21.5
294693	T:81.1,S:3.2,K:77.9,TR:-23.1,SR:-7.0,KR:16.1
294733	T:80.3,S:5.4,K:74.9,TR:-20.5,SR:-5.0,KR:15.5
294773	T:79.6,S:8.5,K:71.2,TR:-20.0,SR:-3.7,KR:16.3
294813	T:79.4,S:9.9,K:69.5,TR:-20.0,SR:0.3,KR:20.4
294853	T:79.3,S:12.5,K:66.7,TR:-19.4,SR:2.4,KR:21.7
294893	T:78.7,S:14.9,K:63.8,TR:-17.8,SR:1.7,KR:19.5
294933	T:78.2,S:17.6,K:60.6,TR:-17.7,SR:3.0,KR:20.7
294973	T:77.9,S:22.0,K:56.0,TR:-16.5,SR:1.5,KR:18.1
295013	T:77.0,S:29.9,K:47.1,TR:-12.5,SR:2.8,KR:15.3
295053	T:76.1,S:34.6,K:41.5,TR:-10.0,SR:8.2,KR:18.2
295093	T:75.9,S:37.6,K:38.3,TR:-9.8,SR:9.2,KR:19.0
295133	T:75.5,S:42.4,K:33.1,TR:-9.2,SR:14.3,KR:23.6
295173	T:75.3,S:46.3,K:29.0,TR:-9.5,SR:9.7,KR:19.1
295213	T:74.8,S:54.0,K:20.8,TR:-8.6,SR:12.8,KR:21.4
295253	T:74.1,S:57.6,K:16.6,TR:-8.8,SR:7.9,KR:16.7
295293	T:73.1,S:63.2,K:9.9,TR:-9.5,SR:-1.0,KR:8.5
295333	T:72.9,S:67.2,K:5.6,TR:-10.5,SR:5.3,KR:15.8
295373	T:72.7,S:73.0,K:0.3,TR:-11.2,SR:-14.1,KR:2.8
295413	T:72.9,S:74.9,K:2.0,TR:-12.0,SR:-21.6,KR:9.6
295453	T:72.8,S:79.3,K:6.5,TR:-12.7,SR:-4.2,KR:8.6
295493	T:73.0,S:82.9,K:10.0,TR:-14.0,SR:-8.5,KR:5.5
295533	T:73.2,S:84.9,K:11.7,TR:-14.8,SR:-32.0,KR:17.2
295573	T:73.4,S:85.3,K:11.9,TR:-14.8,SR:-37.6,KR:22.7
295613	T:73.7,S:86.8,K:13.1,TR:-15.5,SR:-55.9,KR:40.4
295653	T:73.9,S:87.1,K:13.2,TR:-15.6,SR:-58.5,KR:42.8
295693	T:74.1,S:87.0,K:12.9,TR:-15.4,SR:-63.1,KR:47.7
295733	T:74.1,S:86.4,K:12.4,TR:-15.5,SR:-59.3,KR:43.8
295773	T:74.2,S:87.2,K:13.0,TR:-16.3,SR:-60.1,KR:43.9
295813	T:74.4,S:88.5,K:14.1,TR:-16.5,SR:-72.4,KR:55.9
295853	T:75.0,S:84.9,K:9.9,TR:-17.8,SR:-51.2,KR:33.4
295893	T:75.3,S:82.9,K:7.5,TR:-18.8,SR:-49.0,KR:30.2
295933	T:75.8,S:79.5,K:3.7,TR:-18.4,SR:-45.6,KR:27.1
295973	T:76.2,S:74.3,K:1.9,TR:-20.0,SR:-39.7,KR:19.8
296013	T:76.7,S:71.2,K:5.5,TR:-20.5,SR:-38.1,KR:17.6
296053	T:77.3,S:67.2,K:10.1,TR:-22.0,SR:-34.9,KR:13.0
296093	T:78.6,S:63.6,K:15.1,TR:-23.6,SR:-29.9,KR:6.2
296133	T:79.4,S:58.9,K:20.6,TR:-23.8,SR:-25.7,KR:1.9
296173	T:80.0,S:56.0,K:23.9,TR:-25.3,SR:-23.3,KR:2.0
296213	T:81.9,S:49.6,K:32.3,TR:-29.8,SR:-24.0,KR:5.8
296253	T:82.5,S:44.9,K:37.6,TR:-29.8,SR:-23.4,KR:6.5
296293	T:83.3,S:39.6,K:43.7,TR:-30.0,SR:-23.3,KR:6.6
296333	T:83.5,S:38.4,K:45.1,TR:-27.5,SR:-22.5,KR:5.0
296373	T:84.0,S:32.8,K:51.2,TR:-19.6,SR:-24.4,KR:4.8
296413	T:84.3,S:27.8,K:56.4,TR:-12.8,SR:-26.4,KR:13.5
296453	T:83.8,S:21.2,K:62.6,TR:-9.7,SR:-24.3,KR:14.6
296493	T:83.6,S:18.8,K:64.8,TR:-11.6,SR:-22.9,KR:11.3
296533	T:83.6,S:15.4,K:68.2,TR:-15.4,SR:-19.0,KR:3.6
296573	T:84.5,S:13.5,K:71.1,TR:-25.2,SR:-16.5,KR:8.7
296613	T:85.3,S:11.1,K:74.2,TR:-30.9,SR:-15.5,KR:15.4
296653	T:85.4,S:9.4,K:76.0,TR:-30.5,SR:-15.4,KR:15.1
296693	T:85.8,S:5.5,K:80.3,TR:-31.1,SR:-15.2,KR:16.0
296733	T:86.1,S:3.2,K:82.8,TR:-35.7,SR:-13.4,KR:22.3
296773	T:86.1,S:2.7,K:83.4,TR:-37.9,SR:-10.7,KR:27.2
296813	T:86.0,S:2.7,K:83.3,TR:-37.4,SR:-9.6,KR:27.8
296853	T:85.8,S:2.5,K:83.3,TR:-35.6,SR:-9.0,KR:26.6
296893	T:85.6,S:3.1,K:82.5,TR:-36.8,SR:-7.8,KR:29.0
296933	T:85.5,S:3.0,K:82.5,TR:-37.0,SR:-7.9,KR:29.0
296973	T:85.3,S:2.9,K:82.4,TR:-37.7,SR:-7.6,KR:30.1
297013	T:85.1,S:3.6,K:81.5,TR:-37.7,SR:-6.1,KR:31.7
297053	T:85.1,S:4.4,K:80.7,TR:-39.4,SR:-4.4,KR:35.0
297093	T:84.9,S:5.6,K:79.3,TR:-38.6,SR:-2.1,KR:36.6
297133	T:84.2,S:7.4,K:76.9,TR:-35.9,SR:-1.4,KR:34.5
297173	T:83.1,S:8.5,K:74.6,TR:-29.9,SR:0.1,KR:30.1
297213	T:82.3,S:10.3,K:72.1,TR:-26.4,SR:0.5,KR:26.8
297253	T:82.0,S:11.5,K:70.5,TR:-25.0,SR:-0.4,KR:24.7
297293	T:81.5,S:16.2,K:65.4,TR:-24.6,SR:2.8,KR:27.5
297333	T:81.0,S:20.6,K:60.4,TR:-23.6,SR:4.7,KR:28.3
297373	T:80.7,S:23.8,K:56.9,TR:-22.1,SR:5.6,KR:27.7
297413	T:80.5,S:25.4,K:55.1,TR:-21.9,SR:5.3,KR:27.1
297453	T:80.3,S:28.8,K:51.5,TR:-22.8,SR:4.0,KR:26.9
297493	T:80.1,S:31.9,K:48.3,TR:-23.3,SR:2.4,KR:25.7
297533	T:79.9,S:35.7,K:44.2,TR:-22.7,SR:5.6,KR:28.3
297573	T:79.8,S:38.0,K:41.7,TR:-22.1,SR:7.3,KR:29.4
297613	T:79.3,S:42.9,K:36.4,TR:-21.4,SR:7.3,KR:28.7
297653	T:79.2,S:47.8,K:31.3,TR:-21.4,SR:14.5,KR:35.9
297693	T:78.9,S:54.3,K:24.6,TR:-21.8,SR:18.0,KR:39.8
297733	T:78.8,S:57.3,K:21.6,TR:-22.4,SR:11.4,KR:33.8
297773	T:78.5,S:62.0,K:16.5,TR:-22.6,SR:0.5,KR:23.1
297813	T:77.8,S:68.2,K:9.6,TR:-21.0,SR:20.4,KR:41.4
297853	T:77.5,S:72.9,K:4.6,TR:-20.4,SR:38.7,KR:59.2
297893	T:76.9,S:70.3,K:6.6,TR:-20.6,SR:18.1,KR:38.7
297933	T:76.8,S:75.8,K:1.0,TR:-17.7,SR:9.7,KR:27.5
297973	T:76.2,S:77.4,K:1.2,TR:-16.5,SR:-4.0,KR:12.5
298013	T:75.9,S:77.9,K:2.0,TR:-16.6,SR:-11.9,KR:4.7
298053	T:75.5,S:80.1,K:4.5,TR:-18.0,SR:2.1,KR:20.2
298093	T:75.2,S:82.0,K:6.8,TR:-20.1,SR:-8.9,KR:11.3
298133	T:74.9,S:82.1,K:7.2,TR:-20.8,SR:-6.8,KR:14.0
298173	T:75.0,S:82.0,K:6.9,TR:-22.0,SR:-8.3,KR:13.7
298213	T:74.5,S:81.0,K:6.4,TR:-24.9,SR:-3.9,KR:21.0
298253	T:74.3,S:80.1,K:5.8,TR:-25.6,SR:-10.4,KR:15.2
298293	T:74.8,S:78.7,K:3.9,TR:-27.7,SR:-12.4,KR:15.4
298333	T:75.1,S:78.4,K:3.3,TR:-27.7,SR:-10.4,KR:17.3
298373	T:75.4,S:78.5,K:3.2,TR:-26.6,SR:-12.0,KR:14.6
298413	T:75.8,S:78.6,K:2.9,TR:-25.0,SR:-10.7,KR:14.3
298453	T:76.0,S:78.4,K:2.4,TR:-24.9,SR:-6.1,KR:18.9
298493	T:76.0,S:78.1,K:2.1,TR:-24.3,SR:-7.4,KR:16.9
298533	T:76.3,S:77.5,K:1.2,TR:-24.5,SR:-6.8,KR:17.7
298573	T:76.7,S:77.8,K:1.0,TR:-26.1,SR:-2.8,KR:23.3
298613	T:77.1,S:78.0,K:0.9,TR:-27.3,SR:-6.1,KR:21.2
298653	T:77.1,S:77.8,K:0.6,TR:-26.8,SR:-6.5,KR:20.3
298693	T:77.1,S:77.5,K:0.4,TR:-27.2,SR:-4.9,KR:22.2
298733	T:77.1,S:77.8,K:0.7,TR:-28.1,SR:-10.6,KR:17.5
298773	T:77.2,S:78.0,K:0.8,TR:-28.8,SR:-12.2,KR:16.6
298813	T:77.1,S:78.7,K:1.5,TR:-29.5,SR:-14.8,KR:14.8
298853	T:76.7,S:78.8,K:2.0,TR:-30.7,SR:-20.2,KR:10.5
298893	T:76.5,S:78.4,K:1.9,TR:-33.1,SR:-25.8,KR:7.4
298933	T:76.3,S:77.9,K:1.7,TR:-35.0,SR:-28.9,KR:6.2
298973	T:75.2,S:76.6,K:1.4,TR:-40.2,SR:-33.2,KR:7.0
299013	T:73.6,S:76.6,K:3.0,TR:-44.3,SR:-37.9,KR:6.4
299053	T:72.7,S:76.6,K:4.0,TR:-48.2,SR:-43.5,KR:4.8
299093	T:72.1,S:76.3,K:4.3,TR:-48.8,SR:-45.5,KR:3.3
299133	T:71.5,S:76.2,K:4.7,TR:-49.6,SR:-48.9,KR:0.7
299173	T:70.9,S:75.7,K:4.8,TR:-50.0,SR:-50.4,KR:0.4
299213	T:70.5,S:75.4,K:4.9,TR:-50.1,SR:-52.9,KR:2.8
299253	T:70.4,S:75.3,K:4.9,TR:-50.3,SR:-53.3,KR:3.0
299293	T:70.6,S:75.1,K:4.5,TR:-50.8,SR:-52.3,KR:1.5
299333	T:70.4,S:74.3,K:3.9,TR:-50.1,SR:-54.4,KR:4.2
299373	T:70.3,S:74.5,K:4.3,TR:-50.0,SR:-54.1,KR:4.1
299413	T:70.5,S:74.7,K:4.2,TR:-50.1,SR:-52.0,KR:1.9
299453	T:71.0,S:74.8,K:3.8,TR:-50.4,SR:-52.5,KR:2.1
299493	T:71.4,S:75.1,K:3.7,TR:-50.3,SR:-52.4,KR:2.2
299533	T:71.6,S:75.8,K:4.2,TR:-49.2,SR:-50.6,KR:1.4
299573	T:71.5,S:76.2,K:4.7,TR:-48.7,SR:-50.6,KR:2.0
299613	T:71.5,S:76.4,K:4.9,TR:-48.0,SR:-51.2,KR:3.2
299653	T:71.4,S:76.9,K:5.5,TR:-47.6,SR:-50.4,KR:2.8
299693	T:71.3,S:77.1,K:5.8,TR:-47.4,SR:-50.3,KR:2.9
299733	T:71.3,S:77.1,K:5.8,TR:-47.4,SR:-51.5,KR:4.1
299773	T:71.1,S:77.2,K:6.0,TR:-47.2,SR:-50.8,KR:3.5
299813	T:71.1,S:77.5,K:6.4,TR:-47.3,SR:-52.0,KR:4.7
299853	T:71.1,S:77.6,K:6.5,TR:-47.4,SR:-52.8,KR:5.4
299893	T:71.3,S:77.8,K:6.6,TR:-47.8,SR:-51.8,KR:4.0
299933	T:71.1,S:78.0,K:6.8,TR:-47.5,SR:-51.4,KR:3.8
299973	T:71.0,S:77.9,K:6.9,TR:-47.8,SR:-52.4,KR:4.6
300013	T:70.9,S:77.8,K:6.9,TR:-47.8,SR:-52.1,KR:4.3
300053	T:70.8,S:77.7,K:6.8,TR:-47.7,SR:-50.9,KR:3.1
300093	T:70.8,S:77.9,K:7.1,TR:-47.9,SR:-52.0,KR:4.1
300133	T:70.6,S:78.1,K:7.5,TR:-47.6,SR:-53.0,KR:5.4
300173	T:70.6,S:78.1,K:7.5,TR:-47.8,SR:-52.6,KR:4.8
300213	T:70.7,S:78.2,K:7.5,TR:-48.1,SR:-52.3,KR:4.2
300253	T:70.8,S:78.2,K:7.5,TR:-48.0,SR:-52.8,KR:4.7
300293	T:70.8,S:78.2,K:7.4,TR:-47.8,SR:-52.6,KR:4.8
300333	T:70.8,S:78.2,K:7.4,TR:-47.6,SR:-52.9,KR:5.3
300373	T:70.8,S:78.3,K:7.5,TR:-47.4,SR:-53.0,KR:5.6
300413	T:71.0,S:78.5,K:7.5,TR:-47.2,SR:-53.8,KR:6.6
300453	T:71.2,S:78.4,K:7.2,TR:-47.4,SR:-54.8,KR:7.4
300493	T:71.3,S:78.4,K:7.1,TR:-47.8,SR:-54.9,KR:7.1
300533	T:71.9,S:78.6,K:6.7,TR:-49.1,SR:-54.5,KR:5.4
300573	T:73.7,S:78.6,K:4.9,TR:-53.1,SR:-56.8,KR:3.7
300613	T:73.7,S:79.0,K:5.3,TR:-54.8,SR:-58.5,KR:3.7
300653	T:73.6,S:78.7,K:5.1,TR:-57.3,SR:-60.6,KR:3.2
300693	T:73.8,S:78.3,K:4.4,TR:-60.1,SR:-62.9,KR:2.9
300733	T:73.4,S:77.4,K:4.0,TR:-62.8,SR:-65.0,KR:2.1
300773	T:72.5,S:77.0,K:4.5,TR:-62.7,SR:-66.1,KR:3.3
300813	T:70.5,S:74.3,K:3.7,TR:-62.1,SR:-65.8,KR:3.7
300853	T:68.4,S:72.6,K:4.1,TR:-61.0,SR:-66.7,KR:5.7
300893	T:66.3,S:69.4,K:3.0,TR:-59.1,SR:-65.6,KR:6.5
300933	T:66.6,S:69.1,K:2.5,TR:-59.9,SR:-66.1,KR:6.2
300973	T:66.1,S:69.3,K:3.3,TR:-61.4,SR:-67.6,KR:6.2
301013	T:66.9,S:69.2,K:2.3,TR:-65.2,SR:-68.6,KR:3.4
301053	T:68.9,S:69.4,K:0.5,TR:-70.0,SR:-69.6,KR:0.4
301093	T:68.6,S:69.5,K:0.9,TR:-71.7,SR:-71.1,KR:0.6
301133	T:66.3,S:71.9,K:5.6,TR:-74.2,SR:-74.1,KR:0.1
301173	T:64.6,S:72.6,K:8.1,TR:-75.1,SR:-75.2,KR:0.0
301213	T:63.5,S:72.1,K:8.6,TR:-76.8,SR:-76.4,KR:0.4
301253	T:63.0,S:71.2,K:8.2,TR:-76.7,SR:-76.8,KR:0.1
301293	T:61.6,S:69.7,K:8.1,TR:-76.7,SR:-77.8,KR:1.1
301333	T:61.1,S:67.6,K:6.5,TR:-77.1,SR:-78.0,KR:0.9
301373	T:55.8,S:65.6,K:9.8,TR:-75.9,SR:-77.7,KR:1.8
301413	T:56.2,S:65.1,K:8.8,TR:-76.1,SR:-77.6,KR:1.5
301453	T:58.3,S:64.3,K:6.0,TR:-77.1,SR:-77.2,KR:0.1
301493	T:59.2,S:64.6,K:5.4,TR:-77.5,SR:-77.4,KR:0.1
301533	T:59.6,S:64.6,K:5.1,TR:-77.8,SR:-77.3,KR:0.5
301573	T:59.6,S:65.3,K:5.7,TR:-78.0,SR:-77.7,KR:0.2
301613	T:59.1,S:66.2,K:7.1,TR:-77.8,SR:-78.3,KR:0.5
301653	T:58.6,S:66.4,K:7.8,TR:-77.6,SR:-78.3,KR:0.8
301693	T:57.9,S:66.4,K:8.5,TR:-77.3,SR:-78.3,KR:1.0
301733	T:57.5,S:67.7,K:10.2,TR:-76.7,SR:-78.8,KR:2.1
301773	T:57.3,S:67.9,K:10.6,TR:-76.5,SR:-78.8,KR:2.3
301813	T:57.6,S:68.9,K:11.3,TR:-76.4,SR:-79.4,KR:3.0
301853	T:57.6,S:69.6,K:12.0,TR:-76.4,SR:-79.8,KR:3.4
301893	T:57.6,S:69.4,K:11.8,TR:-76.2,SR:-79.7,KR:3.4
301933	T:58.0,S:69.9,K:11.9,TR:-75.7,SR:-79.6,KR:3.9
301973	T:57.9,S:70.4,K:12.5,TR:-75.0,SR:-79.6,KR:4.6
302013	T:58.9,S:70.8,K:11.9,TR:-74.8,SR:-79.8,KR:5.0
302053	T:56.4,S:71.5,K:15.1,TR:-72.3,SR:-79.8,KR:7.5
302093	T:58.6,S:72.1,K:13.4,TR:-73.1,SR:-79.2,KR:6.1
302133	T:57.6,S:72.0,K:14.4,TR:-70.8,SR:-78.6,KR:7.8
302173	T:56.9,S:72.2,K:15.3,TR:-68.5,SR:-78.6,KR:10.1
302213	T:58.8,S:72.5,K:13.6,TR:-67.1,SR:-77.6,KR:10.6
302253	T:62.2,S:74.2,K:12.1,TR:-66.7,SR:-77.5,KR:10.8
302293	T:65.8,S:77.0,K:11.2,TR:-65.7,SR:-77.8,KR:12.1
302333	T:67.7,S:77.5,K:9.8,TR:-65.0,SR:-77.2,KR:12.2
302373	T:71.2,S:77.5,K:6.3,TR:-62.7,SR:-74.6,KR:11.9
302413	T:73.6,S:78.4,K:4.7,TR:-59.0,SR:-72.5,KR:13.5
302453	T:74.2,S:79.7,K:5.5,TR:-57.1,SR:-71.1,KR:13.9
302493	T:76.2,S:81.0,K:4.8,TR:-55.2,SR:-54.3,KR:0.9
302533	T:76.8,S:84.1,K:7.3,TR:-47.3,SR:-67.9,KR:20.5
302573	T:75.9,S:86.2,K:10.2,TR:-34.2,SR:-24.7,KR:9.5
302613	T:75.2,S:86.7,K:11.5,TR:-29.0,SR:-10.9,KR:18.1
302653	T:74.7,S:88.4,K:13.7,TR:-16.5,SR:39.3,KR:55.8
302693	T:74.0,S:89.0,K:15.1,TR:-3.3,SR:-10.0,KR:6.7
302733	T:72.8,S:89.7,K:16.8,TR:-9.0,SR:26.4,KR:35.3
302773	T:74.2,S:89.9,K:15.7,TR:-10.8,SR:36.8,KR:47.5
302813	T:75.4,S:94.4,K:19.0,TR:-17.5,SR:23.9,KR:41.4
302853	T:78.2,S:94.6,K:16.4,TR:-21.5,SR:-10.5,KR:11.0
302893	T:80.1,S:93.4,K:13.3,TR:-11.6,SR:-14.1,KR:2.5
302933	T:78.4,S:95.0,K:16.6,TR:-12.8,SR:-36.9,KR:24.0
302973	T:79.0,S:94.3,K:15.3,TR:-12.9,SR:-44.9,KR:32.0
303013	T:79.9,S:93.3,K:13.4,TR:-19.4,SR:-32.1,KR:12.8
303053	T:81.3,S:91.9,K:10.7,TR:-28.8,SR:-43.3,KR:14.6
303093	T:84.2,S:91.2,K:7.0,TR:-44.3,SR:-47.9,KR:3.6
303133	T:83.8,S:90.5,K:6.7,TR:-39.7,SR:-54.6,KR:14.8
303173	T:83.1,S:89.5,K:6.3,TR:-33.8,SR:-57.9,KR:24.1
303213	T:82.9,S:89.1,K:6.2,TR:-35.7,SR:-62.3,KR:26.6
303253	T:83.0,S:89.0,K:5.9,TR:-25.2,SR:-63.5,KR:38.3
303293	T:80.8,S:88.5,K:7.7,TR:-15.2,SR:-62.9,KR:47.7
303333	T:80.0,S:88.3,K:8.3,TR:-18.7,SR:-64.1,KR:45.4
303373	T:80.0,S:88.2,K:8.2,TR:-19.8,SR:-64.2,KR:44.4
303413	T:80.0,S:87.6,K:7.7,TR:-21.6,SR:-62.0,KR:40.4
303453	T:79.3,S:87.6,K:8.2,TR:-23.7,SR:-65.0,KR:41.3
303493	T:78.8,S:87.4,K:8.7,TR:-25.2,SR:-64.5,KR:39.3
303533	T:78.2,S:87.6,K:9.4,TR:-25.0,SR:-66.8,KR:41.8
303573	T:78.2,S:87.4,K:9.2,TR:-29.9,SR:-68.6,KR:38.8
303613	T:78.1,S:87.2,K:9.2,TR:-34.8,SR:-70.6,KR:35.7
303653	T:78.0,S:86.9,K:8.9,TR:-38.6,SR:-72.1,KR:33.4
303693	T:77.3,S:86.7,K:9.4,TR:-40.3,SR:-72.4,KR:32.1
303733	T:76.4,S:86.5,K:10.2,TR:-45.3,SR:-73.6,KR:28.4
303773	T:74.4,S:86.6,K:12.1,TR:-49.7,SR:-75.1,KR:25.3
303813	T:74.7,S:86.8,K:12.1,TR:-54.7,SR:-77.9,KR:23.2
303853	T:74.3,S:86.4,K:12.1,TR:-56.3,SR:-78.6,KR:22.4
303893	T:73.9,S:86.1,K:12.2,TR:-58.8,SR:-80.4,KR:21.5
303933	T:73.3,S:85.6,K:12.3,TR:-61.5,SR:-79.9,KR:18.4
303973	T:70.7,S:85.7,K:15.0,TR:-63.5,SR:-79.3,KR:15.8
304013	T:69.7,S:85.9,K:16.2,TR:-64.9,SR:-79.3,KR:14.4
304053	T:68.2,S:86.9,K:18.7,TR:-67.0,SR:-81.8,KR:14.7
304093	T:66.9,S:88.2,K:21.4,TR:-68.4,SR:-84.2,KR:15.9
304133	T:63.7,S:88.1,K:24.4,TR:-69.5,SR:-84.6,KR:15.0
304173	T:62.6,S:87.7,K:25.1,TR:-70.2,SR:-84.6,KR:14.4
304213	T:61.5,S:86.0,K:24.5,TR:-71.5,SR:-84.6,KR:13.1
304253	T:60.7,S:84.9,K:24.2,TR:-73.5,SR:-85.4,KR:12.0
304293	T:61.0,S:84.4,K:23.4,TR:-74.4,SR:-85.6,KR:11.3
304333	T:60.4,S:84.0,K:23.6,TR:-75.8,SR:-86.3,KR:10.5
304373	T:58.7,S:84.8,K:26.0,TR:-76.7,SR:-86.8,KR:10.2
304413	T:57.3,S:85.3,K:28.0,TR:-77.3,SR:-87.6,KR:10.3
304453	T:57.0,S:85.9,K:28.9,TR:-77.6,SR:-88.1,KR:10.4
304493	T:55.7,S:85.7,K:30.0,TR:-78.0,SR:-88.1,KR:10.1
304533	T:54.5,S:84.7,K:30.2,TR:-78.5,SR:-87.8,KR:9.4
304573	T:52.5,S:82.9,K:30.5,TR:-78.4,SR:-86.9,KR:8.5
304613	T:52.0,S:82.4,K:30.4,TR:-78.5,SR:-86.3,KR:7.9
304653	T:51.1,S:82.7,K:31.6,TR:-78.5,SR:-86.2,KR:7.7
304693	T:50.4,S:83.4,K:33.0,TR:-78.4,SR:-86.4,KR:8.0
304733	T:49.5,S:83.6,K:34.1,TR:-78.0,SR:-86.6,KR:8.6
304773	T:49.5,S:83.7,K:34.3,TR:-77.8,SR:-86.7,KR:8.8
304813	T:49.6,S:83.6,K:34.0,TR:-77.7,SR:-86.7,KR:9.0
304853	T:49.4,S:82.9,K:33.6,TR:-77.5,SR:-86.5,KR:9.0
304893	T:49.9,S:81.9,K:32.1,TR:-77.0,SR:-86.2,KR:9.1
304933	T:50.3,S:81.4,K:31.1,TR:-76.9,SR:-85.7,KR:8.7
304973	T:51.3,S:80.9,K:29.6,TR:-76.9,SR:-85.3,KR:8.4
305013	T:52.0,S:80.4,K:28.4,TR:-76.5,SR:-85.1,KR:8.6
305053	T:51.1,S:80.3,K:29.2,TR:-75.8,SR:-84.8,KR:9.0
305093	T:50.7,S:80.8,K:30.1,TR:-75.7,SR:-85.1,KR:9.4
305133	T:50.8,S:80.1,K:29.3,TR:-76.0,SR:-84.7,KR:8.7
305173	T:51.4,S:80.4,K:29.0,TR:-76.4,SR:-84.7,KR:8.3
305213	T:51.4,S:80.0,K:28.6,TR:-76.5,SR:-84.4,KR:7.9
305253	T:51.4,S:80.5,K:29.1,TR:-76.6,SR:-84.8,KR:8.2
305293	T:51.9,S:81.4,K:29.5,TR:-76.2,SR:-85.4,KR:9.2
305333	T:52.0,S:81.6,K:29.6,TR:-75.3,SR:-85.5,KR:10.2
305373	T:52.1,S:81.2,K:29.1,TR:-74.7,SR:-85.3,KR:10.7
305413	T:53.0,S:80.5,K:27.5,TR:-72.5,SR:-85.0,KR:12.5
305453	T:47.9,S:77.5,K:29.6,TR:-69.2,SR:-83.3,KR:14.1
305493	T:50.9,S:76.9,K:26.0,TR:-68.8,SR:-82.4,KR:13.6
305533	T:52.0,S:76.2,K:24.2,TR:-67.3,SR:-81.0,KR:13.7
305573	T:55.9,S:76.6,K:20.7,TR:-65.9,SR:-80.8,KR:14.9
305613	T:59.6,S:77.0,K:17.3,TR:-62.5,SR:-79.7,KR:17.1
305653	T:63.6,S:77.4,K:13.7,TR:-60.1,SR:-77.7,KR:17.6
305693	T:65.9,S:77.6,K:11.7,TR:-59.3,SR:-76.0,KR:16.7
305733	T:69.3,S:78.8,K:9.5,TR:-55.1,SR:-73.9,KR:18.8
305773	T:72.3,S:79.4,K:7.1,TR:-50.3,SR:-69.6,KR:19.3
305813	T:72.7,S:80.0,K:7.3,TR:-42.5,SR:-63.8,KR:21.3
305853	T:73.1,S:80.6,K:7.5,TR:-41.7,SR:-56.7,KR:14.9
305893	T:74.0,S:82.0,K:8.0,TR:-39.7,SR:-24.6,KR:15.1
305933	T:74.6,S:83.5,K:8.9,TR:-37.2,SR:-3.3,KR:33.9
305973	T:75.1,S:84.0,K:8.8,TR:-32.0,SR:-11.8,KR:20.2
306013	T:75.0,S:84.1,K:9.1,TR:-28.5,SR:-14.7,KR:13.8
306053	T:75.1,S:84.4,K:9.3,TR:-24.8,SR:-3.8,KR:21.0
306093	T:75.1,S:83.4,K:8.2,TR:-22.1,SR:-7.9,KR:14.2
306133	T:75.2,S:83.4,K:8.1,TR:-20.6,SR:-11.5,KR:9.1
306173	T:74.8,S:82.2,K:7.4,TR:-15.4,SR:-9.1,KR:6.3
306213	T:75.1,S:81.6,K:6.5,TR:-14.5,SR:-23.2,KR:8.7
306253	T:75.5,S:79.9,K:4.5,TR:-13.9,SR:-7.4,KR:6.5
306293	T:75.6,S:79.2,K:3.6,TR:-12.7,SR:-3.8,KR:9.0
306333	T:76.1,S:75.8,K:0.3,TR:-11.4,SR:-9.1,KR:2.4
306373	T:76.6,S:73.9,K:2.7,TR:-11.4,SR:-11.9,KR:0.5
306413	T:76.7,S:70.8,K:5.9,TR:-11.6,SR:-16.9,KR:5.3
306453	T:76.8,S:69.0,K:7.8,TR:-12.5,SR:-19.3,KR:6.8
306493	T:77.9,S:65.1,K:12.8,TR:-15.1,SR:-16.3,KR:1.3
306533	T:78.3,S:60.2,K:18.0,TR:-19.7,SR:-18.3,KR:1.4
306573	T:80.8,S:55.4,K:25.4,TR:-30.8,SR:-25.9,KR:4.9
306613	T:81.3,S:55.3,K:26.0,TR:-31.2,SR:-23.0,KR:8.2
306653	T:83.0,S:50.8,K:32.2,TR:-41.1,SR:-19.3,KR:21.8
306693	T:83.8,S:42.9,K:41.0,TR:-43.9,SR:-18.5,KR:25.4
306733	T:85.0,S:38.4,K:46.7,TR:-54.8,SR:-17.6,KR:37.1
306773	T:83.8,S:36.8,K:47.0,TR:-49.7,SR:-17.1,KR:32.6
306813	T:84.3,S:33.7,K:50.6,TR:-50.8,SR:-13.7,KR:37.1
306853	T:85.4,S:29.0,K:56.4,TR:-58.9,SR:-16.2,KR:42.6
306893	T:87.1,S:27.6,K:59.5,TR:-76.0,SR:-13.6,KR:62.4
306933	T:87.8,S:25.1,K:62.6,TR:-81.3,SR:-14.7,KR:66.6
306973	T:88.4,S:18.8,K:69.6,TR:-87.0,SR:-14.7,KR:72.3
307013	T:87.2,S:16.5,K:70.7,TR:-82.0,SR:-12.1,KR:69.9
307053	T:87.6,S:15.4,K:72.2,TR:-84.4,SR:-13.3,KR:71.1
307093	T:87.7,S:15.2,K:72.4,TR:-79.8,SR:-11.4,KR:68.4
307133	T:88.6,S:16.2,K:72.3,TR:-92.6,SR:-8.4,KR:84.2
307173	T:89.1,S:15.2,K:73.9,TR:-97.3,SR:-8.5,KR:88.8
307213	T:89.1,S:14.6,K:74.5,TR:-91.0,SR:-8.0,KR:83.0
307253	T:89.2,S:13.1,K:76.0,TR:-89.2,SR:-8.1,KR:81.0
307293	T:88.9,S:12.6,K:76.3,TR:-81.8,SR:-8.2,KR:73.6
307333	T:89.0,S:13.3,K:75.8,TR:-80.4,SR:-7.0,KR:73.4
307373	T:89.7,S:13.3,K:76.4,TR:-43.1,SR:-6.2,KR:36.9
307413	T:90.3,S:13.6,K:76.7,TR:-48.9,SR:-3.9,KR:44.9
307453	T:89.1,S:12.5,K:76.6,TR:-42.5,SR:-5.0,KR:37.5
307493	T:87.7,S:11.5,K:76.2,TR:-39.4,SR:-0.9,KR:38.6
307533	T:87.5,S:12.9,K:74.6,TR:-39.7,SR:1.6,KR:41.3
307573	T:87.4,S:16.0,K:71.4,TR:-38.8,SR:4.8,KR:43.6
307613	T:86.6,S:20.3,K:66.3,TR:-37.0,SR:8.3,KR:45.3
307653	T:86.3,S:26.7,K:59.7,TR:-35.1,SR:9.4,KR:44.5
307693	T:86.0,S:30.3,K:55.7,TR:-32.2,SR:10.7,KR:42.9
307733	T:85.5,S:37.7,K:47.8,TR:-27.9,SR:17.6,KR:45.6
307773	T:84.5,S:44.2,K:40.4,TR:-23.6,SR:15.1,KR:38.7
307813	T:84.4,S:46.7,K:37.7,TR:-21.1,SR:17.3,KR:38.3
307853	T:83.3,S:53.4,K:29.9,TR:-17.9,SR:21.4,KR:39.2
307893	T:81.5,S:62.5,K:19.1,TR:-14.3,SR:11.3,KR:25.6
307933	T:81.0,S:67.8,K:13.2,TR:-13.2,SR:3.1,KR:16.3
307973	T:80.9,S:71.6,K:9.3,TR:-14.2,SR:13.2,KR:27.4
308013	T:80.9,S:77.1,K:3.8,TR:-12.5,SR:22.7,KR:35.3
308053	T:80.2,S:78.5,K:1.7,TR:-10.9,SR:9.9,KR:20.9
308093	T:80.0,S:78.9,K:1.1,TR:-9.7,SR:6.1,KR:15.8
308133	T:79.9,S:79.3,K:0.7,TR:-9.9,SR:1.8,KR:11.7
308173	T:79.1,S:81.4,K:2.3,TR:-8.1,SR:-14.1,KR:6.0
308213	T:78.3,S:82.0,K:3.7,TR:-5.5,SR:-9.5,KR:4.0
308253	T:78.1,S:82.6,K:4.5,TR:-5.1,SR:3.0,KR:8.0
308293	T:77.9,S:83.0,K:5.1,TR:-5.3,SR:-6.2,KR:1.0
308333	T:77.5,S:82.8,K:5.3,TR:-5.3,SR:-14.3,KR:9.0
308373	T:77.3,S:82.8,K:5.5,TR:-6.3,SR:-15.9,KR:9.6
308413	T:77.1,S:83.3,K:6.2,TR:-7.5,SR:-20.7,KR:13.2
308453	T:77.1,S:82.9,K:5.9,TR:-7.6,SR:-24.4,KR:16.8
308493	T:76.9,S:82.5,K:5.6,TR:-8.8,SR:-25.3,KR:16.5
308533	T:76.8,S:83.0,K:6.2,TR:-9.8,SR:-14.4,KR:4.5
308573	T:76.8,S:82.5,K:5.7,TR:-11.3,SR:-19.6,KR:8.3
308613	T:76.7,S:82.2,K:5.5,TR:-11.5,SR:-22.8,KR:11.4
308653	T:76.8,S:81.7,K:4.9,TR:-13.1,SR:-22.9,KR:9.8
308693	T:77.1,S:80.9,K:3.9,TR:-14.7,SR:-23.6,KR:8.9
308733	T:77.2,S:80.5,K:3.3,TR:-14.8,SR:-25.1,KR:10.3
308773	T:77.7,S:78.9,K:1.2,TR:-15.9,SR:-23.0,KR:7.1
308813	T:78.3,S:77.1,K:1.1,TR:-15.6,SR:-17.6,KR:2.0
308853	T:79.1,S:74.7,K:4.4,TR:-17.0,SR:-18.1,KR:1.1
308893	T:79.6,S:72.1,K:7.5,TR:-18.2,SR:-16.2,KR:2.0
308933	T:80.3,S:71.1,K:9.2,TR:-19.7,SR:-14.5,KR:5.2
308973	T:80.7,S:69.0,K:11.7,TR:-18.3,SR:-15.4,KR:3.0
309013	T:81.1,S:66.0,K:15.1,TR:-21.6,SR:-17.6,KR:4.0
309053	T:81.7,S:66.0,K:15.7,TR:-23.1,SR:-13.9,KR:9.2
309093	T:82.6,S:63.5,K:19.1,TR:-29.2,SR:-16.3,KR:13.0
309133	T:83.5,S:60.1,K:23.4,TR:-33.0,SR:-20.9,KR:12.1
309173	T:84.1,S:59.0,K:25.1,TR:-33.6,SR:-21.7,KR:11.9
309213	T:84.8,S:57.4,K:27.4,TR:-37.0,SR:-21.0,KR:16.0
309253	T:85.9,S:52.9,K:33.1,TR:-41.5,SR:-22.8,KR:18.7
309293	T:87.1,S:49.1,K:38.0,TR:-54.6,SR:-23.5,KR:31.2
309333	T:87.3,S:44.4,K:42.8,TR:-54.8,SR:-24.7,KR:30.1
309373	T:88.1,S:42.3,K:45.7,TR:-64.7,SR:-24.6,KR:40.1
309413	T:89.4,S:37.5,K:51.9,TR:-34.5,SR:-23.6,KR:10.9
309453	T:89.3,S:30.3,K:59.0,TR:-37.8,SR:-24.6,KR:13.3
309493	T:89.2,S:25.4,K:63.8,TR:-27.2,SR:-21.2,KR:6.0
309533	T:89.2,S:22.5,K:66.8,TR:-36.3,SR:-21.8,KR:14.5
309573	T:89.4,S:19.3,K:70.1,TR:-50.9,SR:-21.1,KR:29.8
309613	T:88.8,S:18.4,K:70.4,TR:-60.7,SR:-17.5,KR:43.2
309653	T:89.5,S:17.2,K:72.3,TR:-69.0,SR:-17.2,KR:51.8
309693	T:90.3,S:14.5,K:75.8,TR:-81.2,SR:-16.7,KR:64.5
309733	T:90.7,S:11.4,K:79.4,TR:-87.4,SR:-15.8,KR:71.6
309773	T:90.8,S:8.3,K:82.5,TR:-91.2,SR:-15.0,KR:76.2
309813	T:90.9,S:7.1,K:83.8,TR:-93.4,SR:-14.0,KR:79.4
309853	T:91.2,S:5.1,K:86.1,TR:-98.3,SR:-12.1,KR:86.1
309893	T:91.2,S:4.8,K:86.4,TR:-100.5,SR:-9.0,KR:91.5
309933	T:90.9,S:5.0,K:85.9,TR:-101.8,SR:-6.6,KR:95.2
309973	T:90.4,S:5.6,K:84.8,TR:-99.6,SR:-5.1,KR:94.5
310013	T:87.8,S:7.0,K:80.8,TR:-86.9,SR:-3.3,KR:83.6
310053	T:87.7,S:8.5,K:79.3,TR:-92.5,SR:-1.9,KR:90.5
310093	T:86.7,S:10.6,K:76.1,TR:-78.3,SR:0.1,KR:78.4
310133	T:86.2,S:12.6,K:73.6,TR:-70.5,SR:2.6,KR:73.1
310173	T:84.9,S:15.5,K:69.4,TR:-58.4,SR:6.4,KR:64.7
310213	T:84.1,S:18.5,K:65.6,TR:-49.5,SR:5.5,KR:55.0
310253	T:82.9,S:22.2,K:60.8,TR:-44.6,SR:5.5,KR:50.1
310293	T:82.7,S:24.1,K:58.6,TR:-42.9,SR:5.6,KR:48.4
310333	T:83.3,S:29.9,K:53.4,TR:-38.2,SR:5.6,KR:43.8
310373	T:82.2,S:35.5,K:46.8,TR:-35.0,SR:8.3,KR:43.3
310413	T:80.8,S:43.3,K:37.4,TR:-31.0,SR:7.9,KR:38.9
310453	T:80.5,S:46.6,K:33.8,TR:-29.5,SR:9.5,KR:39.0
310493	T:80.4,S:51.0,K:29.4,TR:-30.9,SR:15.1,KR:46.0
310533	T:79.3,S:58.1,K:21.2,TR:-28.3,SR:6.6,KR:34.9
310573	T:78.8,S:60.5,K:18.3,TR:-28.2,SR:8.7,KR:37.0
310613	T:78.0,S:67.4,K:10.6,TR:-25.6,SR:26.9,KR:52.4
310653	T:79.5,S:73.2,K:6.2,TR:-8.7,SR:25.3,KR:34.0
310693	T:78.5,S:78.9,K:0.4,TR:-13.0,SR:61.2,KR:74.2
310733	T:78.1,S:80.8,K:2.7,TR:-14.1,SR:68.8,KR:82.9
310773	T:77.6,S:81.2,K:3.6,TR:-16.2,SR:49.3,KR:65.5
310813	T:77.1,S:83.0,K:5.9,TR:-17.0,SR:19.1,KR:36.0
310853	T:76.8,S:84.4,K:7.6,TR:-18.4,SR:12.5,KR:31.0
310893	T:76.8,S:85.0,K:8.2,TR:-19.5,SR:14.1,KR:33.6
310933	T:76.7,S:85.7,K:9.0,TR:-18.9,SR:12.6,KR:31.5
310973	T:76.8,S:85.9,K:9.1,TR:-20.3,SR:2.6,KR:22.9
311013	T:77.1,S:85.4,K:8.3,TR:-21.0,SR:2.4,KR:23.4
311053	T:77.1,S:83.9,K:6.9,TR:-20.2,SR:0.7,KR:20.8
311093	T:77.1,S:86.3,K:9.2,TR:-20.1,SR:4.1,KR:24.2
311133	T:76.9,S:84.7,K:7.8,TR:-20.1,SR:1.0,KR:21.0
311173	T:76.8,S:84.9,K:8.0,TR:-20.2,SR:-10.6,KR:9.6
311213	T:76.9,S:84.8,K:7.9,TR:-20.7,SR:-12.7,KR:8.0
311253	T:76.9,S:84.2,K:7.3,TR:-20.7,SR:-12.1,KR:8.7
311293	T:77.1,S:84.3,K:7.2,TR:-22.1,SR:-20.4,KR:1.7
311333	T:77.4,S:84.7,K:7.4,TR:-24.8,SR:-24.5,KR:0.4
311373	T:77.5,S:85.1,K:7.5,TR:-27.7,SR:-25.4,KR:2.3
311413	T:77.8,S:86.1,K:8.3,TR:-33.2,SR:-32.7,KR:0.5
311453	T:77.7,S:86.6,K:9.0,TR:-38.6,SR:-39.8,KR:1.2
311493	T:77.6,S:86.9,K:9.4,TR:-41.8,SR:-44.8,KR:2.9
311533	T:77.9,S:86.4,K:8.5,TR:-49.2,SR:-51.3,KR:2.1
311573	T:77.5,S:86.0,K:8.5,TR:-54.1,SR:-57.3,KR:3.2
311613	T:76.9,S:85.1,K:8.3,TR:-57.9,SR:-60.9,KR:3.0
311653	T:76.5,S:85.0,K:8.5,TR:-59.4,SR:-63.3,KR:3.9
311693	T:75.7,S:84.3,K:8.5,TR:-61.9,SR:-66.0,KR:4.0
311733	T:74.9,S:83.7,K:8.8,TR:-64.9,SR:-68.3,KR:3.4
311773	T:73.9,S:83.1,K:9.1,TR:-66.6,SR:-70.6,KR:4.0
311813	T:73.4,S:83.2,K:9.8,TR:-66.5,SR:-72.4,KR:5.9
311853	T:75.1,S:83.2,K:8.0,TR:-69.5,SR:-74.9,KR:5.4
311893	T:75.6,S:82.0,K:6.4,TR:-71.4,SR:-75.2,KR:3.8
311933	T:75.0,S:82.7,K:7.7,TR:-73.4,SR:-77.5,KR:4.0
311973	T:74.4,S:82.8,K:8.4,TR:-73.8,SR:-78.1,KR:4.3
312013	T:71.9,S:81.6,K:9.7,TR:-75.2,SR:-78.2,KR:3.0
312053	T:70.2,S:79.7,K:9.6,TR:-76.8,SR:-78.7,KR:1.9
312093	T:68.0,S:77.9,K:9.9,TR:-78.2,SR:-78.4,KR:0.1
312133	T:66.7,S:77.5,K:10.8,TR:-78.5,SR:-78.4,KR:0.1
312173	T:64.0,S:77.9,K:14.0,TR:-78.7,SR:-79.0,KR:0.2
312213	T:62.1,S:77.7,K:15.7,TR:-78.7,SR:-79.8,KR:1.1
312253	T:60.0,S:77.9,K:18.0,TR:-78.1,SR:-80.3,KR:2.2
312293	T:59.3,S:77.9,K:18.6,TR:-77.9,SR:-80.3,KR:2.4
312333	T:58.4,S:77.9,K:19.5,TR:-77.3,SR:-80.6,KR:3.3
312373	T:57.7,S:77.9,K:20.1,TR:-76.5,SR:-80.7,KR:4.2
312413	T:57.3,S:78.3,K:21.0,TR:-75.8,SR:-80.9,KR:5.1
312453	T:58.1,S:78.2,K:20.1,TR:-75.6,SR:-80.3,KR:4.8
312493	T:57.9,S:78.6,K:20.7,TR:-74.1,SR:-80.1,KR:6.0
312533	T:58.5,S:78.4,K:19.8,TR:-71.9,SR:-79.2,KR:7.3
312573	T:59.6,S:78.5,K:18.8,TR:-70.6,SR:-79.1,KR:8.5
312613	T:62.8,S:78.9,K:16.1,TR:-70.0,SR:-79.3,KR:9.4
312653	T:65.8,S:79.1,K:13.3,TR:-67.8,SR:-79.3,KR:11.5
312693	T:68.1,S:78.8,K:10.7,TR:-65.9,SR:-77.8,KR:11.8
312733	T:69.1,S:79.9,K:10.8,TR:-66.9,SR:-80.1,KR:13.2
312773	T:70.1,S:80.2,K:10.1,TR:-64.4,SR:-79.4,KR:15.0
312813	T:72.4,S:79.4,K:7.0,TR:-59.4,SR:-73.3,KR:13.9
312853	T:73.8,S:81.4,K:7.6,TR:-50.0,SR:-79.0,KR:29.0
312893	T:74.7,S:81.2,K:6.5,TR:-46.5,SR:-77.7,KR:31.2
312933	T:77.2,S:81.7,K:4.6,TR:-39.2,SR:-60.2,KR:20.9
312973	T:77.8,S:83.2,K:5.4,TR:-26.4,SR:-52.9,KR:26.4
313013	T:78.1,S:85.3,K:7.2,TR:-18.6,SR:-61.7,KR:43.1
313053	T:78.3,S:85.4,K:7.0,TR:-14.2,SR:-64.3,KR:50.1
313093	T:78.6,S:85.5,K:7.0,TR:-6.8,SR:-63.9,KR:57.1
313133	T:78.3,S:86.7,K:8.4,TR:-2.5,SR:-61.2,KR:58.7
313173	T:78.3,S:88.3,K:10.0,TR:-1.7,SR:-70.0,KR:68.3
313213	T:78.3,S:87.3,K:9.0,TR:-2.2,SR:-66.2,KR:63.9
313253	T:77.8,S:85.9,K:8.1,TR:-0.9,SR:-63.8,KR:62.9
313293	T:77.7,S:85.5,K:7.8,TR:-1.4,SR:-61.7,KR:60.3
313333	T:77.7,S:84.1,K:6.4,TR:-1.0,SR:-50.8,KR:49.8
313373	T:77.4,S:84.9,K:7.5,TR:0.5,SR:-44.5,KR:45.0
313413	T:77.2,S:83.5,K:6.3,TR:1.7,SR:-39.6,KR:41.3
313453	T:77.1,S:80.3,K:3.1,TR:2.7,SR:-45.6,KR:48.4
313493	T:77.0,S:80.6,K:3.6,TR:2.8,SR:-28.6,KR:31.4
313533	T:77.1,S:78.6,K:1.6,TR:4.9,SR:-24.6,KR:29.5
313573	T:77.4,S:76.1,K:1.3,TR:4.2,SR:-21.5,KR:25.7
313613	T:77.5,S:72.1,K:5.4,TR:3.6,SR:-13.9,KR:17.6
313653	T:77.7,S:69.1,K:8.6,TR:3.7,SR:-16.8,KR:20.5
313693	T:77.7,S:67.3,K:10.4,TR:3.5,SR:-16.3,KR:19.7
313733	T:78.1,S:63.7,K:14.4,TR:-3.8,SR:-19.0,KR:15.3
313773	T:79.4,S:59.6,K:19.8,TR:-9.0,SR:-15.1,KR:6.1
313813	T:80.2,S:57.8,K:22.4,TR:-14.4,SR:-13.8,KR:0.7
313853	T:82.1,S:53.6,K:28.5,TR:-22.5,SR:-13.3,KR:9.2
313893	T:83.0,S:49.5,K:33.5,TR:-20.0,SR:-14.0,KR:6.0
313933	T:83.6,S:45.9,K:37.7,TR:-20.4,SR:-11.6,KR:8.8
313973	T:83.8,S:44.8,K:39.0,TR:-19.3,SR:-8.6,KR:10.7
314013	T:84.1,S:42.5,K:41.6,TR:-23.8,SR:-10.7,KR:13.1
314053	T:85.2,S:40.6,K:44.5,TR:-36.3,SR:-10.2,KR:26.1
314093	T:85.6,S:40.0,K:45.7,TR:-38.7,SR:-9.6,KR:29.0
314133	T:86.1,S:38.5,K:47.6,TR:-32.3,SR:-12.8,KR:19.5
314173	T:86.1,S:34.3,K:51.8,TR:-36.5,SR:-12.4,KR:24.2
314213	T:85.5,S:29.2,K:56.3,TR:-29.5,SR:-12.2,KR:17.3
314253	T:85.1,S:27.0,K:58.1,TR:-27.2,SR:-11.6,KR:15.7
314293	T:84.5,S:23.2,K:61.2,TR:-20.4,SR:-11.5,KR:9.0
314333	T:83.9,S:20.6,K:63.3,TR:-19.2,SR:-10.4,KR:8.8
314373	T:83.7,S:17.6,K:66.0,TR:-22.0,SR:-10.5,KR:11.5
314413	T:83.5,S:16.2,K:67.3,TR:-23.3,SR:-9.5,KR:13.8
314453	T:83.5,S:16.5,K:67.0,TR:-23.6,SR:-6.0,KR:17.6
314493	T:83.3,S:15.1,K:68.2,TR:-25.8,SR:-6.6,KR:19.2
314533	T:83.5,S:13.3,K:70.2,TR:-28.6,SR:-6.3,KR:22.3
314573	T:83.7,S:13.0,K:70.7,TR:-30.2,SR:-4.4,KR:25.8
314613	T:84.1,S:13.1,K:71.0,TR:-30.8,SR:-3.5,KR:27.3
314653	T:84.2,S:12.1,K:72.1,TR:-31.6,SR:-2.0,KR:29.6
314693	T:84.5,S:12.0,K:72.5,TR:-32.0,SR:-0.7,KR:31.4
314733	T:84.6,S:11.8,K:72.8,TR:-30.9,SR:-0.4,KR:30.5
314773	T:83.6,S:12.7,K:71.0,TR:-32.4,SR:2.1,KR:34.5
314813	T:82.7,S:13.3,K:69.5,TR:-28.3,SR:3.7,KR:32.0
314853	T:82.8,S:13.4,K:69.3,TR:-26.8,SR:2.4,KR:29.2
314893	T:82.4,S:15.1,K:67.3,TR:-26.5,SR:5.3,KR:31.8
314933	T:81.9,S:19.3,K:62.7,TR:-25.8,SR:11.1,KR:36.9
314973	T:82.0,S:21.1,K:60.9,TR:-25.3,SR:13.0,KR:38.2
315013	T:81.9,S:26.5,K:55.4,TR:-24.9,SR:13.1,KR:38.0
315053	T:82.0,S:28.7,K:53.3,TR:-24.7,SR:10.4,KR:35.1
315093	T:81.5,S:34.0,K:47.5,TR:-23.9,SR:8.9,KR:32.8
315133	T:80.1,S:38.7,K:41.4,TR:-21.5,SR:9.4,KR:31.0
315173	T:79.5,S:41.5,K:38.0,TR:-19.7,SR:9.0,KR:28.7
315213	T:78.4,S:47.5,K:30.8,TR:-17.6,SR:6.8,KR:24.4
315253	T:78.6,S:55.2,K:23.4,TR:-19.1,SR:5.6,KR:24.7
315293	T:77.8,S:59.5,K:18.3,TR:-16.2,SR:8.8,KR:25.0
315333	T:77.5,S:62.5,K:15.0,TR:-15.3,SR:5.0,KR:20.3
315373	T:77.5,S:67.5,K:10.0,TR:-11.2,SR:-3.6,KR:7.6
315413	T:76.9,S:70.1,K:6.8,TR:-10.5,SR:12.4,KR:22.9
315453	T:76.1,S:73.9,K:2.2,TR:-8.9,SR:7.0,KR:16.0
315493	T:75.7,S:74.7,K:1.0,TR:-8.7,SR:0.5,KR:9.2
315533	T:75.2,S:75.9,K:0.7,TR:-9.3,SR:-3.6,KR:5.7
315573	T:74.6,S:78.3,K:3.7,TR:-8.9,SR:-10.4,KR:1.5
315613	T:74.1,S:79.2,K:5.0,TR:-9.4,SR:-9.9,KR:0.5
315653	T:74.3,S:79.1,K:4.8,TR:-10.1,SR:-11.8,KR:1.7
315693	T:74.7,S:80.2,K:5.5,TR:-11.8,SR:-16.9,KR:5.1
315733	T:74.9,S:79.1,K:4.3,TR:-12.8,SR:-17.0,KR:4.1
315773	T:75.1,S:79.2,K:4.2,TR:-14.1,SR:-13.7,KR:0.4
315813	T:74.9,S:79.4,K:4.4,TR:-13.9,SR:-16.9,KR:3.1
315853	T:75.0,S:79.0,K:4.1,TR:-13.4,SR:-25.0,KR:11.5
315893	T:75.3,S:76.2,K:0.9,TR:-14.2,SR:-22.5,KR:8.4
315933	T:75.8,S:74.6,K:1.2,TR:-16.2,SR:-17.7,KR:1.5
315973	T:76.2,S:74.0,K:2.3,TR:-16.7,SR:-14.3,KR:2.4
316013	T:77.6,S:72.0,K:5.6,TR:-18.9,SR:-15.2,KR:3.7
316053	T:78.3,S:70.7,K:7.7,TR:-16.0,SR:-18.4,KR:2.4
316093	T:78.5,S:70.9,K:7.6,TR:-14.5,SR:-14.5,KR:0.0
316133	T:79.1,S:67.1,K:12.0,TR:-11.9,SR:-10.9,KR:1.0
316173	T:79.7,S:62.7,K:17.0,TR:-10.2,SR:-11.8,KR:1.6
316213	T:80.3,S:61.4,K:18.9,TR:-10.1,SR:-8.6,KR:1.6
316253	T:80.7,S:58.6,K:22.1,TR:-10.4,SR:-11.5,KR:1.0
316293	T:81.9,S:56.3,K:25.6,TR:-10.5,SR:-10.0,KR:0.4
316333	T:83.0,S:51.0,K:32.0,TR:-12.3,SR:-12.4,KR:0.1
316373	T:84.2,S:46.1,K:38.1,TR:-5.8,SR:-12.6,KR:6.8
316413	T:83.8,S:42.8,K:41.0,TR:-2.4,SR:-13.0,KR:10.6
316453	T:83.5,S:35.9,K:47.6,TR:3.3,SR:-16.3,KR:19.6
316493	T:83.1,S:29.3,K:53.8,TR:4.0,SR:-16.5,KR:20.5
316533	T:83.0,S:24.6,K:58.4,TR:1.8,SR:-12.5,KR:14.3
316573	T:83.5,S:23.7,K:59.8,TR:2.5,SR:-10.6,KR:13.0
316613	T:83.9,S:20.8,K:63.1,TR:3.7,SR:-7.6,KR:11.4
316653	T:83.5,S:17.8,K:65.7,TR:4.2,SR:-6.1,KR:10.3
316693	T:83.2,S:14.9,K:68.3,TR:5.6,SR:-5.2,KR:10.8
316733	T:83.1,S:14.3,K:68.8,TR:4.7,SR:-4.4,KR:9.1
316773	T:83.0,S:11.8,K:71.2,TR:5.1,SR:-5.3,KR:10.4
316813	T:82.9,S:9.5,K:73.4,TR:4.5,SR:-4.8,KR:9.3
316853	T:83.1,S:9.0,K:74.0,TR:3.5,SR:-2.8,KR:6.3
316893	T:83.1,S:9.0,K:74.1,TR:2.3,SR:-1.8,KR:4.1
316933	T:82.1,S:10.1,K:72.0,TR:4.6,SR:-0.9,KR:5.5
316973	T:81.0,S:12.3,K:68.8,TR:4.0,SR:1.5,KR:2.5
317013	T:80.7,S:13.2,K:67.5,TR:1.9,SR:3.9,KR:2.0
317053	T:79.2,S:14.6,K:64.6,TR:1.7,SR:8.5,KR:6.8
317093	T:78.7,S:16.8,K:61.9,TR:1.2,SR:7.9,KR:6.7
317133	T:78.4,S:20.6,K:57.8,TR:0.0,SR:9.8,KR:9.8
317173	T:78.0,S:22.4,K:55.5,TR:0.1,SR:11.3,KR:11.2
317213	T:77.1,S:25.8,K:51.3,TR:-2.1,SR:9.9,KR:12.0
317253	T:76.4,S:31.1,K:45.3,TR:-1.2,SR:12.7,KR:13.9
317293	T:76.7,S:36.1,K:40.6,TR:-4.3,SR:13.7,KR:18.0
317333	T:77.1,S:39.0,K:38.1,TR:-6.8,SR:12.9,KR:19.7
317373	T:77.0,S:42.8,K:34.2,TR:-6.1,SR:13.9,KR:20.0
317413	T:76.8,S:50.0,K:26.8,TR:-2.2,SR:10.1,KR:12.3
317453	T:76.7,S:52.9,K:23.8,TR:4.5,SR:12.9,KR:8.4
317493	T:76.8,S:57.0,K:19.8,TR:4.0,SR:21.1,KR:17.1
317533	T:77.1,S:65.4,K:11.7,TR:0.1,SR:29.9,KR:29.7
317573	T:77.4,S:72.4,K:5.1,TR:-1.2,SR:1.8,KR:3.1
317613	T:77.7,S:72.5,K:5.2,TR:-0.7,SR:11.3,KR:12.0
317653	T:78.2,S:77.5,K:0.7,TR:-4.7,SR:26.0,KR:30.7
317693	T:79.1,S:83.5,K:4.4,TR:-9.2,SR:38.6,KR:47.8
317733	T:79.4,S:73.9,K:5.5,TR:1.3,SR:29.0,KR:27.7
317773	T:79.1,S:82.5,K:3.3,TR:-2.2,SR:-23.6,KR:21.5
317813	T:79.0,S:81.9,K:2.9,TR:-4.9,SR:-23.1,KR:18.2
317853	T:78.3,S:81.4,K:3.1,TR:-8.1,SR:-19.8,KR:11.7
317893	T:77.8,S:83.5,K:5.7,TR:-9.3,SR:-40.2,KR:31.0
317933	T:77.8,S:84.8,K:7.0,TR:-10.6,SR:-49.8,KR:39.2
317973	T:78.0,S:86.0,K:8.0,TR:-14.4,SR:-17.3,KR:2.9
318013	T:78.1,S:86.4,K:8.3,TR:-17.0,SR:-31.4,KR:14.4
318053	T:78.6,S:85.7,K:7.1,TR:-20.1,SR:-41.5,KR:21.3
318093	T:78.8,S:85.1,K:6.3,TR:-21.9,SR:-32.4,KR:10.5
318133	T:79.2,S:83.4,K:4.3,TR:-23.9,SR:-17.2,KR:6.7
318173	T:79.1,S:83.4,K:4.3,TR:-23.8,SR:-24.3,KR:0.5
318213	T:79.0,S:83.3,K:4.3,TR:-23.7,SR:-28.1,KR:4.4
318253	T:78.9,S:82.2,K:3.4,TR:-22.8,SR:-25.3,KR:2.4
318293	T:78.5,S:79.4,K:1.0,TR:-19.7,SR:-24.8,KR:5.1
318333	T:78.1,S:79.2,K:1.1,TR:-17.3,SR:-36.5,KR:19.2
318373	T:78.1,S:78.9,K:0.8,TR:-17.2,SR:-16.0,KR:1.2
318413	T:78.5,S:78.3,K:0.2,TR:-19.3,SR:-10.4,KR:8.9
318453	T:79.2,S:75.8,K:3.4,TR:-24.3,SR:-16.2,KR:8.1
318493	T:79.8,S:71.2,K:8.5,TR:-26.3,SR:-19.8,KR:6.5
318533	T:79.8,S:65.5,K:14.3,TR:-24.1,SR:-31.2,KR:7.1
318573	T:79.7,S:63.7,K:15.9,TR:-23.9,SR:-29.0,KR:5.1
318613	T:80.1,S:56.6,K:23.5,TR:-25.4,SR:-21.5,KR:3.9
